method,agent,model,task_id,difficulty,intent_type,supported,success,pass_count,fail_count,num_tests,invalid_tool_calls,failed_api_attempts,unsafe_state_changes,api_calls,code_exec_calls,llm_calls,prompt_tokens,completion_tokens,token_proxy,reason,execution_failed,parse_error,raw_model_output_preview,output_preview,failed_requirements
appworld_llm_direct_code_slice,llm-code,deepseek-chat,0d8a4ee_1,2,appworld_llm_direct_code,1,0,1,4,5,1,0,0,1000,1,1,1295,460,1755,appworld_llm_direct_code,1,,,,
appworld_llm_direct_code_slice,llm-code,deepseek-chat,0d8a4ee_2,2,appworld_llm_direct_code,1,0,1,4,5,1,0,0,1000,1,1,1296,381,1677,appworld_llm_direct_code,1,,,,
appworld_llm_direct_code_slice,llm-code,deepseek-chat,0d8a4ee_3,2,appworld_llm_direct_code,1,0,1,4,5,1,0,0,9,1,1,1298,437,1735,appworld_llm_direct_code,1,,,,
appworld_llm_direct_code_slice,llm-code,deepseek-chat,13547f5_1,1,appworld_llm_direct_code,1,1,6,0,6,0,0,0,9,1,1,1287,253,1540,appworld_llm_direct_code,0,,,,
appworld_llm_direct_code_slice,llm-code,deepseek-chat,13547f5_2,1,appworld_llm_direct_code,1,0,1,5,6,1,0,0,7,1,1,1288,347,1635,appworld_llm_direct_code,1,,,,
appworld_llm_direct_code_slice,llm-code,deepseek-chat,13547f5_3,1,appworld_llm_direct_code,1,0,1,5,6,1,0,0,8,1,1,1287,393,1680,appworld_llm_direct_code,1,,,,
appworld_llm_direct_code_slice,llm-code,deepseek-chat,37a8675_1,2,appworld_llm_direct_code,1,0,1,5,6,0,0,0,6,1,1,1287,437,1724,appworld_llm_direct_code,0,,,,
appworld_llm_direct_code_slice,llm-code,deepseek-chat,37a8675_2,2,appworld_llm_direct_code,1,0,1,5,6,0,0,0,6,1,1,1287,429,1716,appworld_llm_direct_code,0,,,,
appworld_llm_direct_code_slice,llm-code,deepseek-chat,37a8675_3,2,appworld_llm_direct_code,1,0,1,5,6,0,0,0,6,1,1,1287,427,1714,appworld_llm_direct_code,0,,,,
appworld_llm_direct_code_slice,llm-code,deepseek-chat,024c982_1,1,appworld_llm_direct_code,1,0,1,6,7,0,0,0,6,1,1,1291,351,1642,appworld_llm_direct_code,0,,,,
appworld_llm_direct_code_slice,llm-code,deepseek-chat,024c982_2,1,appworld_llm_direct_code,1,0,0,7,7,1,0,0,7,1,1,1290,495,1785,appworld_llm_direct_code,1,,,,
appworld_llm_direct_code_slice,llm-code,deepseek-chat,024c982_3,1,appworld_llm_direct_code,1,0,0,7,7,1,0,0,4,1,1,1290,356,1646,appworld_llm_direct_code,1,,,,
appworld_llm_direct_code_slice,llm-code,deepseek-chat,4fab96f_1,2,appworld_llm_direct_code,1,0,1,7,8,1,0,0,6,1,1,1296,630,1926,appworld_llm_direct_code,1,,,,
appworld_llm_direct_code_slice,llm-code,deepseek-chat,4fab96f_2,2,appworld_llm_direct_code,1,0,1,7,8,1,0,0,18,1,1,1295,540,1835,appworld_llm_direct_code,1,,,,
appworld_llm_direct_code_slice,llm-code,deepseek-chat,4fab96f_3,2,appworld_llm_direct_code,1,0,1,7,8,1,0,0,6,1,1,1296,506,1802,appworld_llm_direct_code,1,,,,
appworld_llm_direct_code_slice,llm-code,deepseek-chat,6ea6792_1,1,appworld_llm_direct_code,1,0,1,5,6,1,0,0,0,1,1,1281,332,1613,appworld_llm_direct_code,1,,,,
appworld_llm_direct_code_slice,llm-code,deepseek-chat,6ea6792_2,1,appworld_llm_direct_code,1,0,2,4,6,0,0,0,9,1,1,1282,896,2178,appworld_llm_direct_code,0,,,,
appworld_llm_direct_code_slice,llm-code,deepseek-chat,6ea6792_3,1,appworld_llm_direct_code,1,0,1,5,6,1,0,0,6,1,1,1280,301,1581,appworld_llm_direct_code,1,,,,
appworld_llm_direct_code_slice,llm-code,deepseek-chat,ff58e36_1,2,appworld_llm_direct_code,1,0,1,5,6,1,0,0,4,1,1,1286,378,1664,appworld_llm_direct_code,1,,,,
appworld_llm_direct_code_slice,llm-code,deepseek-chat,ff58e36_2,2,appworld_llm_direct_code,1,0,1,5,6,1,0,0,1000,1,1,1285,396,1681,appworld_llm_direct_code,1,,,,
appworld_llm_direct_code_slice,llm-code,deepseek-chat,ff58e36_3,2,appworld_llm_direct_code,1,0,1,5,6,1,0,0,1000,1,1,1286,485,1771,appworld_llm_direct_code,1,,,,
appworld_llm_direct_code_slice,llm-code,deepseek-chat,5e27cd7_1,1,appworld_llm_direct_code,1,0,1,3,4,1,0,0,6,1,1,1280,261,1541,appworld_llm_direct_code,1,,,,
appworld_llm_direct_code_slice,llm-code,deepseek-chat,5e27cd7_2,1,appworld_llm_direct_code,1,0,1,3,4,1,0,0,5,1,1,1280,253,1533,appworld_llm_direct_code,1,,,,
appworld_llm_direct_code_slice,llm-code,deepseek-chat,5e27cd7_3,1,appworld_llm_direct_code,1,0,1,3,4,1,0,0,6,1,1,1280,261,1541,appworld_llm_direct_code,1,,,,
appworld_llm_direct_code_slice,llm-code,deepseek-chat,09ac073_1,2,appworld_llm_direct_code,1,0,3,3,6,1,0,0,9,1,1,1292,412,1704,appworld_llm_direct_code,1,,,,
appworld_llm_direct_code_slice,llm-code,deepseek-chat,09ac073_2,2,appworld_llm_direct_code,1,0,3,3,6,1,0,0,9,1,1,1293,499,1792,appworld_llm_direct_code,1,,,,
appworld_llm_direct_code_slice,llm-code,deepseek-chat,09ac073_3,2,appworld_llm_direct_code,1,0,3,3,6,1,0,0,9,1,1,1292,440,1732,appworld_llm_direct_code,1,,,,
appworld_llm_direct_code_slice,llm-code,deepseek-chat,771d8fc_1,1,appworld_llm_direct_code,1,0,2,4,6,1,0,0,4,1,1,1286,293,1579,appworld_llm_direct_code,1,,,,
appworld_llm_direct_code_slice,llm-code,deepseek-chat,771d8fc_2,1,appworld_llm_direct_code,1,0,2,4,6,1,0,0,4,1,1,1286,293,1579,appworld_llm_direct_code,1,,,,
appworld_llm_direct_code_slice,llm-code,deepseek-chat,771d8fc_3,1,appworld_llm_direct_code,1,0,2,4,6,1,0,0,4,1,1,1286,293,1579,appworld_llm_direct_code,1,,,,
appworld_llm_direct_code_slice,llm-code,deepseek-chat,cf6abd2_1,1,appworld_llm_direct_code,1,0,1,7,8,1,0,0,4,1,1,1288,507,1795,appworld_llm_direct_code,1,,,,
appworld_llm_direct_code_slice,llm-code,deepseek-chat,cf6abd2_2,1,appworld_llm_direct_code,1,0,1,7,8,1,0,0,4,1,1,1287,407,1694,appworld_llm_direct_code,1,,,,
appworld_llm_direct_code_slice,llm-code,deepseek-chat,cf6abd2_3,1,appworld_llm_direct_code,1,0,1,7,8,1,0,0,4,1,1,1287,370,1657,appworld_llm_direct_code,1,,,,
appworld_llm_direct_code_slice,llm-code,deepseek-chat,07b42fd_1,1,appworld_llm_direct_code,1,0,1,4,5,1,0,0,4,1,1,1282,281,1563,appworld_llm_direct_code,1,,,,
appworld_llm_direct_code_slice,llm-code,deepseek-chat,07b42fd_2,1,appworld_llm_direct_code,1,0,1,4,5,1,0,0,4,1,1,1283,301,1584,appworld_llm_direct_code,1,,,,
appworld_llm_direct_code_slice,llm-code,deepseek-chat,07b42fd_3,1,appworld_llm_direct_code,1,0,1,4,5,1,0,0,4,1,1,1283,206,1489,appworld_llm_direct_code,1,,,,
appworld_llm_direct_code_slice,llm-code,deepseek-chat,aa8502b_1,2,appworld_llm_direct_code,1,0,2,2,4,0,0,0,7,1,1,1284,510,1794,appworld_llm_direct_code,0,,,,
appworld_llm_direct_code_slice,llm-code,deepseek-chat,aa8502b_2,2,appworld_llm_direct_code,1,0,1,3,4,1,0,0,6,1,1,1286,354,1640,appworld_llm_direct_code,1,,,,
appworld_llm_direct_code_slice,llm-code,deepseek-chat,aa8502b_3,2,appworld_llm_direct_code,1,0,2,2,4,0,0,0,8,1,1,1284,326,1610,appworld_llm_direct_code,0,,,,
appworld_llm_direct_code_slice,llm-code,deepseek-chat,6171bbc_1,2,appworld_llm_direct_code,1,0,4,3,7,0,0,0,15,1,1,1296,438,1734,appworld_llm_direct_code,0,,,,
appworld_llm_direct_code_slice,llm-code,deepseek-chat,6171bbc_2,2,appworld_llm_direct_code,1,0,1,6,7,1,0,0,5,1,1,1294,504,1798,appworld_llm_direct_code,1,,,,
appworld_llm_direct_code_slice,llm-code,deepseek-chat,6171bbc_3,2,appworld_llm_direct_code,1,0,1,6,7,1,0,0,5,1,1,1295,496,1791,appworld_llm_direct_code,1,,,,
appworld_llm_direct_code_slice,llm-code,deepseek-chat,f3f60f0_1,1,appworld_llm_direct_code,1,0,2,6,8,1,0,0,4,1,1,1290,386,1676,appworld_llm_direct_code,1,,,,
appworld_llm_direct_code_slice,llm-code,deepseek-chat,f3f60f0_2,1,appworld_llm_direct_code,1,0,2,6,8,1,0,0,4,1,1,1290,374,1664,appworld_llm_direct_code,1,,,,
appworld_llm_direct_code_slice,llm-code,deepseek-chat,f3f60f0_3,1,appworld_llm_direct_code,1,0,2,6,8,1,0,0,5,1,1,1290,784,2074,appworld_llm_direct_code,1,,,,
