split,task_id,scenario_id,compiled,dispatchable,abstained,incomplete,intent_type,missing_slots,abstain_reason,unsupported_bucket,instruction_hash
test_normal,3d9a636_1,3d9a636,1,1,0,0,appworld_venmo_reset_friends_to_phone_friends,,,,592bb69cbbf20953
test_normal,3d9a636_2,3d9a636,1,1,0,0,appworld_venmo_reset_friends_to_phone_friends,,,,592bb69cbbf20953
test_normal,3d9a636_3,3d9a636,1,1,0,0,appworld_venmo_reset_friends_to_phone_friends,,,,592bb69cbbf20953
test_normal,fd1f8fa_1,fd1f8fa,1,1,0,0,appworld_spotify_filter_queue_by_liked_status,,,,4ac28377ff30184f
test_normal,fd1f8fa_2,fd1f8fa,1,1,0,0,appworld_spotify_filter_queue_by_liked_status,,,,63edd1b94d53c6ae
test_normal,fd1f8fa_3,fd1f8fa,1,1,0,0,appworld_spotify_filter_queue_by_liked_status,,,,4ac28377ff30184f
test_normal,325d6ec_1,325d6ec,1,1,0,0,appworld_spotify_navigate_until_private_status,,,,c479c0a09d37597d
test_normal,325d6ec_2,325d6ec,1,1,0,0,appworld_spotify_navigate_until_private_status,,,,25850074fe5320eb
test_normal,325d6ec_3,325d6ec,1,1,0,0,appworld_spotify_navigate_until_private_status,,,,2383b63d17d108a1
test_normal,29a7b7e_1,29a7b7e,1,1,0,0,appworld_file_reorganize_dated_meeting_files,,,,91b13a581e8da70c
test_normal,29a7b7e_2,29a7b7e,1,1,0,0,appworld_file_reorganize_dated_meeting_files,,,,7340f5f4d7673af2
test_normal,29a7b7e_3,29a7b7e,1,1,0,0,appworld_file_reorganize_dated_meeting_files,,,,8feb0a360ad9e8de
test_normal,21abae1_1,21abae1,1,1,0,0,appworld_venmo_sum_month_transactions,,,,8c72681145f02e55
test_normal,21abae1_2,21abae1,1,1,0,0,appworld_venmo_sum_month_transactions,,,,275ec6b16df918bf
test_normal,21abae1_3,21abae1,1,1,0,0,appworld_venmo_sum_month_transactions,,,,5fd6bd8c69d95dd4
test_normal,634f342_1,634f342,1,1,0,0,appworld_spotify_archive_playlist_songs_from_file,,,,ea14eb77a5d78202
test_normal,634f342_2,634f342,1,1,0,0,appworld_spotify_archive_playlist_songs_from_file,,,,e0ebf63030a32f0f
test_normal,634f342_3,634f342,1,1,0,0,appworld_spotify_archive_playlist_songs_from_file,,,,ba3bee98a6d86858
test_normal,8749218_1,8749218,1,1,0,0,appworld_spotify_reset_queue_with_recommendations,,,,449a74803221e92a
test_normal,8749218_2,8749218,1,1,0,0,appworld_spotify_reset_queue_with_recommendations,,,,449a74803221e92a
test_normal,8749218_3,8749218,1,1,0,0,appworld_spotify_reset_queue_with_recommendations,,,,449a74803221e92a
test_normal,2d9f728_1,2d9f728,1,1,0,0,appworld_venmo_settle_roommate_dinner,,,,1fb47e0fe3e28c9b
test_normal,2d9f728_2,2d9f728,1,1,0,0,appworld_venmo_settle_roommate_dinner,,,,3e3c56110df7144b
test_normal,2d9f728_3,2d9f728,1,1,0,0,appworld_venmo_settle_roommate_dinner,,,,69cebf9b3d2d6827
test_normal,6f4b9a5_1,6f4b9a5,1,1,0,0,appworld_simple_note_fill_liked_song_release_months,,,,f53e706cb4ad38f1
test_normal,6f4b9a5_2,6f4b9a5,1,1,0,0,appworld_simple_note_fill_liked_song_release_months,,,,f53e706cb4ad38f1
test_normal,6f4b9a5_3,6f4b9a5,1,1,0,0,appworld_simple_note_fill_liked_song_release_months,,,,f53e706cb4ad38f1
test_normal,d6ac34d_1,d6ac34d,1,1,0,0,appworld_simple_note_add_today_habit_log,,,,26f778d8449c6705
test_normal,d6ac34d_2,d6ac34d,1,1,0,0,appworld_simple_note_add_today_habit_log,,,,f33dfcc08c19b4c0
test_normal,d6ac34d_3,d6ac34d,1,1,0,0,appworld_simple_note_add_today_habit_log,,,,5959d3a980712f95
test_normal,0d01c76_1,0d01c76,1,1,0,0,appworld_simple_note_import_markdown_files,,,,96d4811cd82985c7
test_normal,0d01c76_2,0d01c76,1,1,0,0,appworld_simple_note_import_markdown_files,,,,47a148e35074c08a
test_normal,0d01c76_3,0d01c76,1,1,0,0,appworld_simple_note_import_markdown_files,,,,2cadfc2fdec6daef
test_normal,ff58e36_1,ff58e36,1,1,0,0,appworld_venmo_add_friends_by_relationships,,,,998564533e3aaead
test_normal,ff58e36_2,ff58e36,1,1,0,0,appworld_venmo_add_friends_by_relationships,,,,5167d95ed9ef29df
test_normal,ff58e36_3,ff58e36,1,1,0,0,appworld_venmo_add_friends_by_relationships,,,,43bcac36fc04f011
test_normal,d18139b_1,d18139b,1,1,0,0,appworld_venmo_approve_roommate_requests_this_month,,,,fde8cd19bbd3f3c2
test_normal,d18139b_2,d18139b,1,1,0,0,appworld_venmo_approve_roommate_requests_this_month,,,,fde8cd19bbd3f3c2
test_normal,d18139b_3,d18139b,1,1,0,0,appworld_venmo_approve_roommate_requests_this_month,,,,fde8cd19bbd3f3c2
test_normal,5a83b05_1,5a83b05,1,1,0,0,appworld_file_delete_downloads_by_extension,,,,cd366f856f142411
test_normal,5a83b05_2,5a83b05,1,1,0,0,appworld_file_delete_downloads_by_extension,,,,07cda6edddeaa40a
test_normal,5a83b05_3,5a83b05,1,1,0,0,appworld_file_delete_downloads_by_extension,,,,cd366f856f142411
test_normal,042a9fc_1,042a9fc,1,1,0,0,appworld_spotify_apply_phone_playlist_suggestions,,,,3591707be8a785bd
test_normal,042a9fc_2,042a9fc,1,1,0,0,appworld_spotify_apply_phone_playlist_suggestions,,,,8aba58058ee2b5d7
test_normal,042a9fc_3,042a9fc,1,1,0,0,appworld_spotify_apply_phone_playlist_suggestions,,,,3591707be8a785bd
test_normal,cef9191_1,cef9191,1,1,0,0,appworld_spotify_followed_artist_follower_extreme,,,,167a355d60355dd1
test_normal,cef9191_2,cef9191,1,1,0,0,appworld_spotify_followed_artist_follower_extreme,,,,ba9c1683d191c54e
test_normal,cef9191_3,cef9191,1,1,0,0,appworld_spotify_followed_artist_follower_extreme,,,,167a355d60355dd1
test_normal,3b8fb7a_1,3b8fb7a,1,1,0,0,appworld_venmo_settle_trip_note_debts,,,,212596d85f7a0f6b
test_normal,3b8fb7a_2,3b8fb7a,1,1,0,0,appworld_venmo_settle_trip_note_debts,,,,75e1901487ebb51f
test_normal,3b8fb7a_3,3b8fb7a,1,1,0,0,appworld_venmo_settle_trip_note_debts,,,,a6e8e47aaed27ce5
test_normal,afc4005_1,afc4005,1,1,0,0,appworld_simple_note_workout_duration,,,,b795db813b4598f8
test_normal,afc4005_2,afc4005,1,1,0,0,appworld_simple_note_workout_duration,,,,f688e6203d2322bc
test_normal,afc4005_3,afc4005,1,1,0,0,appworld_simple_note_workout_duration,,,,278740e865eb842c
test_normal,9dabbc9_1,9dabbc9,1,1,0,0,appworld_venmo_correct_housing_bill_request,,,,a89b7ee1b5aaef1f
test_normal,9dabbc9_2,9dabbc9,1,1,0,0,appworld_venmo_correct_housing_bill_request,,,,15ac6c26a1280749
test_normal,9dabbc9_3,9dabbc9,1,1,0,0,appworld_venmo_correct_housing_bill_request,,,,829d2bef9a279739
test_normal,425a494_1,425a494,1,1,0,0,appworld_spotify_liked_genre_extreme,,,,9cabad3f3f8289b7
test_normal,425a494_2,425a494,1,1,0,0,appworld_spotify_liked_genre_extreme,,,,26d35b437a6e6bff
test_normal,425a494_3,425a494,1,1,0,0,appworld_spotify_liked_genre_extreme,,,,312625f7e5a041bd
test_normal,a30375d_1,a30375d,1,1,0,0,appworld_simple_note_random_quote,,,,b1193793c7f9efff
test_normal,a30375d_2,a30375d,1,1,0,0,appworld_simple_note_random_quote,,,,2b889cd23db4723c
test_normal,a30375d_3,a30375d,1,1,0,0,appworld_simple_note_random_quote,,,,45621e64911a5c7a
test_normal,09b0ee6_1,09b0ee6,1,1,0,0,appworld_spotify_playlist_artist_song_count_extreme,,,,cdc9501bd83c261e
test_normal,09b0ee6_2,09b0ee6,1,1,0,0,appworld_spotify_playlist_artist_song_count_extreme,,,,a8eb447bb335e416
test_normal,09b0ee6_3,09b0ee6,1,1,0,0,appworld_spotify_playlist_artist_song_count_extreme,,,,d07688da44e98c5a
test_normal,d194965_1,d194965,1,1,0,0,appworld_spotify_playlist_from_recent_simple_note,,,,1ac6086404f02e29
test_normal,d194965_2,d194965,1,1,0,0,appworld_spotify_playlist_from_recent_simple_note,,,,ea671fb0c47a55ea
test_normal,d194965_3,d194965,1,1,0,0,appworld_spotify_playlist_from_recent_simple_note,,,,222c89ce2e79da58
test_normal,7847649_1,7847649,1,1,0,0,appworld_simple_note_count_bucket_list_status,,,,c9bc0ccb37f7be76
test_normal,7847649_2,7847649,1,1,0,0,appworld_simple_note_count_bucket_list_status,,,,fb54e507fa165c07
test_normal,7847649_3,7847649,1,1,0,0,appworld_simple_note_count_bucket_list_status,,,,edf6ccd3f10100d5
test_normal,552869a_1,552869a,1,1,0,0,appworld_venmo_sum_year_bill_payments,,,,ae0d7425b195ea9a
test_normal,552869a_2,552869a,1,1,0,0,appworld_venmo_sum_year_bill_payments,,,,c23d4d0b9aae6f47
test_normal,552869a_3,552869a,1,1,0,0,appworld_venmo_sum_year_bill_payments,,,,e0056f440bedf630
test_normal,652485c_1,652485c,1,1,0,0,appworld_spotify_public_liked_library_playlist_share,,,,0bd47917471b37b6
test_normal,652485c_2,652485c,1,1,0,0,appworld_spotify_public_liked_library_playlist_share,,,,4d969fa537c68207
test_normal,652485c_3,652485c,1,1,0,0,appworld_spotify_public_liked_library_playlist_share,,,,0bd47917471b37b6
test_normal,ccf4b82_1,ccf4b82,1,1,0,0,appworld_venmo_approve_requests_and_withdraw_balance,,,,02f30f11ce266bfa
test_normal,ccf4b82_2,ccf4b82,1,1,0,0,appworld_venmo_approve_requests_and_withdraw_balance,,,,de9227f4d53513e0
test_normal,ccf4b82_3,ccf4b82,1,1,0,0,appworld_venmo_approve_requests_and_withdraw_balance,,,,8bb148a44ee9cb59
test_normal,522e5e5_1,522e5e5,1,1,0,0,appworld_venmo_friend_transaction_counterparties,,,,ad93d3be45bac8c0
test_normal,522e5e5_2,522e5e5,1,1,0,0,appworld_venmo_friend_transaction_counterparties,,,,438c4ab330034232
test_normal,522e5e5_3,522e5e5,1,1,0,0,appworld_venmo_friend_transaction_counterparties,,,,69cf98895d658d98
test_normal,0de03ea_1,0de03ea,1,1,0,0,appworld_spotify_play_offline_downloaded_collection,,,,97d2ae07f37901ad
test_normal,0de03ea_2,0de03ea,1,1,0,0,appworld_spotify_play_offline_downloaded_collection,,,,02a3ea2fd3649972
test_normal,0de03ea_3,0de03ea,1,1,0,0,appworld_spotify_play_offline_downloaded_collection,,,,c08f94fa609dc53e
test_normal,2c544f9_1,2c544f9,1,1,0,0,appworld_venmo_send_to_named_user,,,,b50b49fcc7314e3e
test_normal,2c544f9_2,2c544f9,1,1,0,0,appworld_venmo_send_to_named_user,,,,124f77e12a328353
test_normal,2c544f9_3,2c544f9,1,1,0,0,appworld_venmo_send_to_named_user,,,,6996b6db580b3a43
test_normal,270f1ff_1,270f1ff,1,1,0,0,appworld_venmo_birthday_child_payment_and_text,,,,b61f29a48dd76641
test_normal,270f1ff_2,270f1ff,1,1,0,0,appworld_venmo_birthday_child_payment_and_text,,,,9eb504abcdcaad4a
test_normal,270f1ff_3,270f1ff,1,1,0,0,appworld_venmo_birthday_child_payment_and_text,,,,b150b4801c3e1465
test_normal,024c982_1,024c982,1,1,0,0,appworld_venmo_request_money_from_contact,,,,e44e29c259caee9a
test_normal,024c982_2,024c982,1,1,0,0,appworld_venmo_request_money_from_contact,,,,45a1bf5c90487f96
test_normal,024c982_3,024c982,1,1,0,0,appworld_venmo_request_money_from_contact,,,,10dd08ff6e3e8619
test_normal,9ef798c_1,9ef798c,1,1,0,0,appworld_venmo_accept_named_carpool_request_this_month,,,,481e9e9b5e537f99
test_normal,9ef798c_2,9ef798c,1,1,0,0,appworld_venmo_accept_named_carpool_request_this_month,,,,c27e837d45edcc1a
test_normal,9ef798c_3,9ef798c,1,1,0,0,appworld_venmo_accept_named_carpool_request_this_month,,,,41755b5639465c4c
test_normal,b9c5c9a_1,b9c5c9a,1,1,0,0,appworld_file_update_reunion_rsvps_from_phone,,,,e7d6f32d4d3190d2
test_normal,b9c5c9a_2,b9c5c9a,1,1,0,0,appworld_file_update_reunion_rsvps_from_phone,,,,eda798ca0b359c06
test_normal,b9c5c9a_3,b9c5c9a,1,1,0,0,appworld_file_update_reunion_rsvps_from_phone,,,,0fd75c9885b81370
test_normal,90adc3f_1,90adc3f,1,1,0,0,appworld_venmo_correct_sent_requests_yesterday_evening,,,,1af1a18a8756aa63
test_normal,90adc3f_2,90adc3f,1,1,0,0,appworld_venmo_correct_sent_requests_yesterday_evening,,,,b45120f3795dcef2
test_normal,90adc3f_3,90adc3f,1,1,0,0,appworld_venmo_correct_sent_requests_yesterday_evening,,,,da24b3c166a06c83
test_normal,c77c005_1,c77c005,1,1,0,0,appworld_venmo_friend_transaction_counterparties,,,,0620ed8851c96231
test_normal,c77c005_2,c77c005,1,1,0,0,appworld_venmo_friend_transaction_counterparties,,,,f24d51d25dc286d8
test_normal,c77c005_3,c77c005,1,1,0,0,appworld_venmo_friend_transaction_counterparties,,,,3cdb21c9f1dc5bb2
test_normal,f323bae_1,f323bae,1,1,0,0,appworld_simple_note_export_habit_tracker_csv,,,,a46da56d77228ab5
test_normal,f323bae_2,f323bae,1,1,0,0,appworld_simple_note_export_habit_tracker_csv,,,,2c7444c2a5987950
test_normal,f323bae_3,f323bae,1,1,0,0,appworld_simple_note_export_habit_tracker_csv,,,,3960167acf278ae2
test_normal,13547f5_1,13547f5,1,1,0,0,appworld_phone_send_message_to_relationship,,,,044a052f91f06e2c
test_normal,13547f5_2,13547f5,1,1,0,0,appworld_phone_send_message_to_relationship,,,,0a2aaad9a002019d
test_normal,13547f5_3,13547f5,1,1,0,0,appworld_phone_send_message_to_relationship,,,,20619a5ebbdb3e5c
test_normal,1150ed6_1,1150ed6,1,1,0,0,appworld_spotify_play_released_year_from_collection,,,,fbdd7dc07393972c
test_normal,1150ed6_2,1150ed6,1,1,0,0,appworld_spotify_play_released_year_from_collection,,,,665f4feac2f9e47e
test_normal,1150ed6_3,1150ed6,1,1,0,0,appworld_spotify_play_released_year_from_collection,,,,429f7c9cc504e1e0
test_normal,31dc501_1,31dc501,1,1,0,0,appworld_phone_update_wake_alarm_snooze,,,,8def911ee8477e54
test_normal,31dc501_2,31dc501,1,1,0,0,appworld_phone_update_wake_alarm_snooze,,,,2f0f62739c39b88f
test_normal,31dc501_3,31dc501,1,1,0,0,appworld_phone_update_wake_alarm_snooze,,,,096e5572a5679072
test_normal,59fae45_1,59fae45,1,1,0,0,appworld_spotify_append_most_common_playlist_genre,,,,106bce28691ced96
test_normal,59fae45_2,59fae45,1,1,0,0,appworld_spotify_append_most_common_playlist_genre,,,,106bce28691ced96
test_normal,59fae45_3,59fae45,1,1,0,0,appworld_spotify_append_most_common_playlist_genre,,,,106bce28691ced96
test_normal,b6d1104_1,b6d1104,1,1,0,0,appworld_simple_note_update_monthly_venmo_expense,,,,ac0098f5a338ecef
test_normal,b6d1104_2,b6d1104,1,1,0,0,appworld_simple_note_update_monthly_venmo_expense,,,,ac0098f5a338ecef
test_normal,b6d1104_3,b6d1104,1,1,0,0,appworld_simple_note_update_monthly_venmo_expense,,,,ac0098f5a338ecef
test_normal,f861c32_1,f861c32,1,1,0,0,appworld_venmo_send_to_each_relationship_with_refill,,,,cf064bd6acdcc067
test_normal,f861c32_2,f861c32,1,1,0,0,appworld_venmo_send_to_each_relationship_with_refill,,,,7c8355f41133cea8
test_normal,f861c32_3,f861c32,1,1,0,0,appworld_venmo_send_to_each_relationship_with_refill,,,,3abf6287f043cc5b
test_normal,0a9d82a_1,0a9d82a,1,1,0,0,appworld_simple_note_longest_habit_streak,,,,8f6a099a6ad71e11
test_normal,0a9d82a_2,0a9d82a,1,1,0,0,appworld_simple_note_longest_habit_streak,,,,e916936585866e9d
test_normal,0a9d82a_3,0a9d82a,1,1,0,0,appworld_simple_note_longest_habit_streak,,,,306a860e3175a2f7
test_normal,166f4ff_1,166f4ff,1,1,0,0,appworld_venmo_sum_recent_received_requests,,,,6eb6c24f5d634915
test_normal,166f4ff_2,166f4ff,1,1,0,0,appworld_venmo_sum_recent_received_requests,,,,cc6775c85da4c4e2
test_normal,166f4ff_3,166f4ff,1,1,0,0,appworld_venmo_sum_recent_received_requests,,,,680772bf0b58fb4b
test_normal,9016950_1,9016950,1,1,0,0,appworld_venmo_signup_missing_relationship_accounts,,,,de540fdc79ed2bcc
test_normal,9016950_2,9016950,1,1,0,0,appworld_venmo_signup_missing_relationship_accounts,,,,e81b0bf71f188268
test_normal,9016950_3,9016950,1,1,0,0,appworld_venmo_signup_missing_relationship_accounts,,,,3f21e1e7e9f37aa2
test_normal,dac78d9_1,dac78d9,1,1,0,0,appworld_venmo_count_friends_since_month_start,,,,180b391ddb80bc34
test_normal,dac78d9_2,dac78d9,1,1,0,0,appworld_venmo_count_friends_since_month_start,,,,81374c2ccb1bd4fe
test_normal,dac78d9_3,dac78d9,1,1,0,0,appworld_venmo_count_friends_since_month_start,,,,40e40938bb9bb422
test_normal,f3f60f0_1,f3f60f0,1,1,0,0,appworld_spotify_like_all_library_items,,,,c4f3e563f81d519c
test_normal,f3f60f0_2,f3f60f0,1,1,0,0,appworld_spotify_like_all_library_items,,,,c4f3e563f81d519c
test_normal,f3f60f0_3,f3f60f0,1,1,0,0,appworld_spotify_like_all_library_items,,,,c4f3e563f81d519c
test_normal,ffe6d5e_1,ffe6d5e,1,1,0,0,appworld_phone_reply_favorite_recipe_to_relationship,,,,f2684e8bcde28808
test_normal,ffe6d5e_2,ffe6d5e,1,1,0,0,appworld_phone_reply_favorite_recipe_to_relationship,,,,9f6cb22918b3a026
test_normal,ffe6d5e_3,ffe6d5e,1,1,0,0,appworld_phone_reply_favorite_recipe_to_relationship,,,,d1b66c6e2c578d26
test_normal,8ce6779_1,8ce6779,1,1,0,0,appworld_todoist_reassign_accepted_takeover_tasks,,,,8eabfbbe689969f0
test_normal,8ce6779_2,8ce6779,1,1,0,0,appworld_todoist_reassign_accepted_takeover_tasks,,,,3d4e24ee99d4f354
test_normal,8ce6779_3,8ce6779,1,1,0,0,appworld_todoist_reassign_accepted_takeover_tasks,,,,e9d8deb778a31973
test_normal,83a7951_1,83a7951,1,1,0,0,appworld_splitwise_record_venmo_receipt_payments,,,,a6f268c8941de015
test_normal,83a7951_2,83a7951,1,1,0,0,appworld_splitwise_record_venmo_receipt_payments,,,,453888f878cadd6c
test_normal,83a7951_3,83a7951,1,1,0,0,appworld_splitwise_record_venmo_receipt_payments,,,,769f1ec74f18397b
test_normal,3aa1a22_1,3aa1a22,1,1,0,0,appworld_splitwise_accept_known_phone_invitations,,,,eaebe3d03ccf51a9
test_normal,3aa1a22_2,3aa1a22,1,1,0,0,appworld_splitwise_accept_known_phone_invitations,,,,2bcfce25bb65dc24
test_normal,3aa1a22_3,3aa1a22,1,1,0,0,appworld_splitwise_accept_known_phone_invitations,,,,703ab22b50a2cf11
test_normal,32616b5_1,32616b5,1,1,0,0,appworld_splitwise_record_trip_expenses_from_simple_note,,,,09bd99e8cb4ec65e
test_normal,32616b5_2,32616b5,1,1,0,0,appworld_splitwise_record_trip_expenses_from_simple_note,,,,6cacc6d8009e1598
test_normal,32616b5_3,32616b5,1,1,0,0,appworld_splitwise_record_trip_expenses_from_simple_note,,,,09bd99e8cb4ec65e
test_normal,986aa4e_1,986aa4e,1,1,0,0,appworld_spotify_apply_todoist_playlist_suggestions,,,,db00399157ad423e
test_normal,986aa4e_2,986aa4e,1,1,0,0,appworld_spotify_apply_todoist_playlist_suggestions,,,,66aeb848beb9902f
test_normal,986aa4e_3,986aa4e,1,1,0,0,appworld_spotify_apply_todoist_playlist_suggestions,,,,39a4b0d0a99e54cc
test_normal,6b6ca61_1,6b6ca61,1,1,0,0,appworld_pay_csv_debts_via_venmo_or_splitwise,,,,fd6133b421b1c672
test_normal,6b6ca61_2,6b6ca61,1,1,0,0,appworld_pay_csv_debts_via_venmo_or_splitwise,,,,399bc76ce168a1a7
test_normal,6b6ca61_3,6b6ca61,1,1,0,0,appworld_pay_csv_debts_via_venmo_or_splitwise,,,,edca9955dab67b9f
test_normal,bde252e_1,bde252e,1,1,0,0,appworld_todoist_fill_today_from_schedule,,,,6ff02c02871ac5f4
test_normal,bde252e_2,bde252e,1,1,0,0,appworld_todoist_fill_today_from_schedule,,,,976cf13a366cec2b
test_normal,bde252e_3,bde252e,1,1,0,0,appworld_todoist_fill_today_from_schedule,,,,bcdcf523b9eb30d2
test_challenge,5238afc_1,5238afc,1,1,0,0,appworld_amazon_order_product_type_from_saved_list,,,,335453a18e41750e
test_challenge,5238afc_2,5238afc,1,1,0,0,appworld_amazon_order_product_type_from_saved_list,,,,7005784e82d24407
test_challenge,5238afc_3,5238afc,1,1,0,0,appworld_amazon_order_product_type_from_saved_list,,,,c5bb241d56a6ae69
test_challenge,0d22252_1,0d22252,1,1,0,0,appworld_amazon_order_product_type_from_saved_list,,,,aee8197173b787c0
test_challenge,0d22252_2,0d22252,1,1,0,0,appworld_amazon_order_product_type_from_saved_list,,,,5005271a5fe0af55
test_challenge,0d22252_3,0d22252,1,1,0,0,appworld_amazon_order_product_type_from_saved_list,,,,da6af800da84b821
test_challenge,9bf2c8a_1,9bf2c8a,1,1,0,0,appworld_amazon_move_product_type_between_saved_lists,,,,4d7827cc357f4464
test_challenge,9bf2c8a_2,9bf2c8a,1,1,0,0,appworld_amazon_move_product_type_between_saved_lists,,,,162d619ee43858e6
test_challenge,9bf2c8a_3,9bf2c8a,1,1,0,0,appworld_amazon_move_product_type_between_saved_lists,,,,cbe08839948005b4
test_challenge,b3bdcc1_1,b3bdcc1,0,0,0,0,unsupported,,,amazon_purchase_or_product_search,0bd21d8db79b05d8
test_challenge,b3bdcc1_2,b3bdcc1,0,0,0,0,unsupported,,,amazon_purchase_or_product_search,19dd69fdb2a332ae
test_challenge,b3bdcc1_3,b3bdcc1,0,0,0,0,unsupported,,,amazon_purchase_or_product_search,2e4ca2d3c1835593
test_challenge,6474048_1,6474048,0,0,0,0,unsupported,,,amazon_purchase_or_product_search,6b34df424d3d0e91
test_challenge,6474048_2,6474048,0,0,0,0,unsupported,,,amazon_purchase_or_product_search,1b306760e459d247
test_challenge,6474048_3,6474048,0,0,0,0,unsupported,,,amazon_purchase_or_product_search,b57f4620a97e8098
test_challenge,9871968_1,9871968,0,0,0,0,unsupported,,,amazon_purchase_or_product_search,b7e22ae0c097f04f
test_challenge,9871968_2,9871968,0,0,0,0,unsupported,,,amazon_purchase_or_product_search,2148512aea4a0477
test_challenge,9871968_3,9871968,0,0,0,0,unsupported,,,amazon_purchase_or_product_search,b7e22ae0c097f04f
test_challenge,07bb666_1,07bb666,1,1,0,0,appworld_amazon_move_rating_filtered_products,,,,834a494b63909557
test_challenge,07bb666_2,07bb666,1,1,0,0,appworld_amazon_move_rating_filtered_products,,,,a7506dfc6eb55e56
test_challenge,07bb666_3,07bb666,1,1,0,0,appworld_amazon_move_rating_filtered_products,,,,21e408bb84c89fa3
test_challenge,383a053_1,383a053,0,0,0,0,unsupported,,,amazon_purchase_or_product_search,2b35da08bdb10618
test_challenge,383a053_2,383a053,0,0,0,0,unsupported,,,amazon_purchase_or_product_search,d3166bd9e481895f
test_challenge,383a053_3,383a053,0,0,0,0,unsupported,,,amazon_purchase_or_product_search,e34e1670737b9cab
test_challenge,7b97e6d_1,7b97e6d,0,0,0,0,unsupported,,,amazon_purchase_or_product_search,07be6e00d68f43c6
test_challenge,7b97e6d_2,7b97e6d,0,0,0,0,unsupported,,,amazon_purchase_or_product_search,6c1f2934674ed6c1
test_challenge,7b97e6d_3,7b97e6d,0,0,0,0,unsupported,,,amazon_purchase_or_product_search,bbcdfb4d0aa1957b
test_challenge,9aae7da_1,9aae7da,1,1,0,0,appworld_amazon_answer_cart_wishlist_total,,,,7a7b6e98e8578e13
test_challenge,9aae7da_2,9aae7da,1,1,0,0,appworld_amazon_answer_cart_wishlist_total,,,,7a7b6e98e8578e13
test_challenge,9aae7da_3,9aae7da,1,1,0,0,appworld_amazon_answer_cart_wishlist_total,,,,7a7b6e98e8578e13
test_challenge,23d431c_1,23d431c,0,0,0,0,unsupported,,,amazon_purchase_or_product_search,c1f0148a4dc9f24f
test_challenge,23d431c_2,23d431c,0,0,0,0,unsupported,,,amazon_purchase_or_product_search,24946859cb3b1762
test_challenge,23d431c_3,23d431c,0,0,0,0,unsupported,,,amazon_purchase_or_product_search,40ca0cc3e614ae31
test_challenge,690d51b_1,690d51b,0,0,0,0,unsupported,,,amazon_purchase_or_product_search,0bfcc111cc68ec63
test_challenge,690d51b_2,690d51b,0,0,0,0,unsupported,,,amazon_purchase_or_product_search,bb5eb77b6bab687d
test_challenge,690d51b_3,690d51b,0,0,0,0,unsupported,,,amazon_purchase_or_product_search,9e4cb84265569f42
test_challenge,d9987f6_1,d9987f6,0,0,0,0,unsupported,,,amazon_purchase_or_product_search,92ea3519b99fe0f5
test_challenge,d9987f6_2,d9987f6,0,0,0,0,unsupported,,,amazon_purchase_or_product_search,01e770281204943c
test_challenge,d9987f6_3,d9987f6,0,0,0,0,unsupported,,,amazon_purchase_or_product_search,8970b2163c0bd216
test_challenge,b0934aa_1,b0934aa,0,0,0,0,unsupported,,,amazon_purchase_or_product_search,35360a781f945ea0
test_challenge,b0934aa_2,b0934aa,0,0,0,0,unsupported,,,amazon_purchase_or_product_search,d6e97915e24abb4b
test_challenge,b0934aa_3,b0934aa,0,0,0,0,unsupported,,,amazon_purchase_or_product_search,8cfaf6cd61dc75de
test_challenge,245cb43_1,245cb43,0,0,0,0,unsupported,,,amazon_purchase_or_product_search,b6ff857acb2e028b
test_challenge,245cb43_2,245cb43,0,0,0,0,unsupported,,,amazon_purchase_or_product_search,9c5d97f9c6e318c9
test_challenge,245cb43_3,245cb43,0,0,0,0,unsupported,,,amazon_purchase_or_product_search,70c2089496114d58
test_challenge,a8f302f_1,a8f302f,0,0,0,0,unsupported,,,amazon_purchase_or_product_search,0629c72d9cb8f217
test_challenge,a8f302f_2,a8f302f,0,0,0,0,unsupported,,,amazon_purchase_or_product_search,0629c72d9cb8f217
test_challenge,a8f302f_3,a8f302f,0,0,0,0,unsupported,,,amazon_purchase_or_product_search,0629c72d9cb8f217
test_challenge,1c4bd27_1,1c4bd27,0,0,0,0,unsupported,,,amazon_purchase_or_product_search,6d32c550805d8c05
test_challenge,1c4bd27_2,1c4bd27,0,0,0,0,unsupported,,,amazon_purchase_or_product_search,2ebf7c5e282ec88c
test_challenge,1c4bd27_3,1c4bd27,0,0,0,0,unsupported,,,amazon_purchase_or_product_search,aeb7b923b23d1bc5
test_challenge,3650990_1,3650990,0,0,0,0,unsupported,,,amazon_purchase_or_product_search,9850e159ff6857a4
test_challenge,3650990_2,3650990,0,0,0,0,unsupported,,,amazon_purchase_or_product_search,e74b016e3f64e72c
test_challenge,3650990_3,3650990,0,0,0,0,unsupported,,,amazon_purchase_or_product_search,1046cae065dcc873
test_challenge,258796c_1,258796c,0,0,0,0,unsupported,,,amazon_purchase_or_product_search,ef0592430dfce4b8
test_challenge,258796c_2,258796c,0,0,0,0,unsupported,,,amazon_purchase_or_product_search,4887ea35fa0a97c4
test_challenge,258796c_3,258796c,0,0,0,0,unsupported,,,amazon_purchase_or_product_search,a6b7279b13da0595
test_challenge,4815c06_1,4815c06,0,0,0,0,unsupported,,,amazon_purchase_or_product_search,2364df506ea27a64
test_challenge,4815c06_2,4815c06,0,0,0,0,unsupported,,,amazon_purchase_or_product_search,b657944c251b1127
test_challenge,4815c06_3,4815c06,0,0,0,0,unsupported,,,amazon_purchase_or_product_search,f44ce2004efb47a4
test_challenge,4242c97_1,4242c97,0,0,0,0,unsupported,,,amazon_purchase_or_product_search,e1803227dd811a98
test_challenge,4242c97_2,4242c97,0,0,0,0,unsupported,,,amazon_purchase_or_product_search,edb3acc21b3cab55
test_challenge,4242c97_3,4242c97,0,0,0,0,unsupported,,,amazon_purchase_or_product_search,0ee2aa9808b8fa4a
test_challenge,ec437da_1,ec437da,0,0,0,0,unsupported,,,amazon_purchase_or_product_search,4bbcb572db22257b
test_challenge,ec437da_2,ec437da,0,0,0,0,unsupported,,,amazon_purchase_or_product_search,35a93a740d559d71
test_challenge,ec437da_3,ec437da,0,0,0,0,unsupported,,,amazon_purchase_or_product_search,f21b84c26c537f0e
test_challenge,77bcb81_1,77bcb81,0,0,0,0,unsupported,,,amazon_purchase_or_product_search,3c7889e038f79eeb
test_challenge,77bcb81_2,77bcb81,0,0,0,0,unsupported,,,amazon_purchase_or_product_search,84058fdc2e175e2b
test_challenge,77bcb81_3,77bcb81,0,0,0,0,unsupported,,,amazon_purchase_or_product_search,3c7889e038f79eeb
test_challenge,81be677_1,81be677,0,0,0,0,unsupported,,,amazon_purchase_or_product_search,33860df053846057
test_challenge,81be677_2,81be677,0,0,0,0,unsupported,,,amazon_purchase_or_product_search,6fa27a0365cf42ee
test_challenge,81be677_3,81be677,0,0,0,0,unsupported,,,amazon_purchase_or_product_search,0a366db35ac0ad1c
test_challenge,7434096_1,7434096,0,0,0,0,unsupported,,,amazon_purchase_or_product_search,c301bc000302c186
test_challenge,7434096_2,7434096,0,0,0,0,unsupported,,,amazon_purchase_or_product_search,3595101be2948bd1
test_challenge,7434096_3,7434096,0,0,0,0,unsupported,,,amazon_purchase_or_product_search,47e0824f970fb7ae
test_challenge,6588a51_1,6588a51,0,0,0,0,unsupported,,,amazon_purchase_or_product_search,446144d85c5b6ab7
test_challenge,6588a51_2,6588a51,0,0,0,0,unsupported,,,amazon_purchase_or_product_search,b193f998a752715f
test_challenge,6588a51_3,6588a51,0,0,0,0,unsupported,,,amazon_purchase_or_product_search,8dff62c4cb35b438
test_challenge,7d26579_1,7d26579,0,0,0,0,unsupported,,,amazon_purchase_or_product_search,d5c6bef61bd8185d
test_challenge,7d26579_2,7d26579,0,0,0,0,unsupported,,,amazon_purchase_or_product_search,5b660babe3c530ba
test_challenge,7d26579_3,7d26579,0,0,0,0,unsupported,,,amazon_purchase_or_product_search,d5c6bef61bd8185d
test_challenge,cdf61bd_1,cdf61bd,0,0,0,0,unsupported,,,amazon_purchase_or_product_search,cb040c355339294d
test_challenge,cdf61bd_2,cdf61bd,0,0,0,0,unsupported,,,amazon_purchase_or_product_search,891b94ee304a3439
test_challenge,cdf61bd_3,cdf61bd,0,0,0,0,unsupported,,,amazon_purchase_or_product_search,7310537d5bbf0c49
test_challenge,9b2dc64_1,9b2dc64,0,0,0,0,unsupported,,,amazon_purchase_or_product_search,5721ceaa50825ef1
test_challenge,9b2dc64_2,9b2dc64,0,0,0,0,unsupported,,,amazon_purchase_or_product_search,02ec2a9702b54a05
test_challenge,9b2dc64_3,9b2dc64,0,0,0,0,unsupported,,,amazon_purchase_or_product_search,059c3395095ce723
test_challenge,953b296_1,953b296,0,0,0,0,unsupported,,,amazon_purchase_or_product_search,fe2e3b4e7f73b317
test_challenge,953b296_2,953b296,0,0,0,0,unsupported,,,amazon_purchase_or_product_search,bb310edbddf3ce86
test_challenge,953b296_3,953b296,0,0,0,0,unsupported,,,amazon_purchase_or_product_search,fe2e3b4e7f73b317
test_challenge,eb5ad85_1,eb5ad85,0,0,0,0,unsupported,,,amazon_purchase_or_product_search,4bd299f9d1b716b8
test_challenge,eb5ad85_2,eb5ad85,0,0,0,0,unsupported,,,amazon_purchase_or_product_search,e90687968028a4c4
test_challenge,eb5ad85_3,eb5ad85,0,0,0,0,unsupported,,,amazon_purchase_or_product_search,87037f9d39343eb9
test_challenge,f6936d4_1,f6936d4,0,0,0,0,unsupported,,,amazon_purchase_or_product_search,d9a1846c182603e8
test_challenge,f6936d4_2,f6936d4,0,0,0,0,unsupported,,,amazon_purchase_or_product_search,36c96ff95007f209
test_challenge,f6936d4_3,f6936d4,0,0,0,0,unsupported,,,amazon_purchase_or_product_search,d40d17e2b8e1e72c
test_challenge,f99d726_1,f99d726,0,0,0,0,unsupported,,,amazon_purchase_or_product_search,0d1097876b3e1ffb
test_challenge,f99d726_2,f99d726,0,0,0,0,unsupported,,,amazon_purchase_or_product_search,04479eabf51cd41d
test_challenge,f99d726_3,f99d726,0,0,0,0,unsupported,,,amazon_purchase_or_product_search,512dea7dc83b22b2
test_challenge,1b2bae9_1,1b2bae9,0,0,0,0,unsupported,,,amazon_purchase_or_product_search,1367a203b91f133c
test_challenge,1b2bae9_2,1b2bae9,0,0,0,0,unsupported,,,amazon_purchase_or_product_search,dc072070bbbe173b
test_challenge,1b2bae9_3,1b2bae9,0,0,0,0,unsupported,,,amazon_purchase_or_product_search,cdf6e67228b84126
test_challenge,b05f69a_1,b05f69a,0,0,0,0,unsupported,,,amazon_purchase_or_product_search,11eee4cee50c4604
test_challenge,b05f69a_2,b05f69a,0,0,0,0,unsupported,,,amazon_purchase_or_product_search,fcf99846712e5183
test_challenge,b05f69a_3,b05f69a,0,0,0,0,unsupported,,,amazon_purchase_or_product_search,40cca77343aa1417
test_challenge,f6be291_1,f6be291,0,0,0,0,unsupported,,,gmail_email,a88a6e8b9a169d54
test_challenge,f6be291_2,f6be291,0,0,0,0,unsupported,,,gmail_email,6557dcaecc49f63a
test_challenge,f6be291_3,f6be291,0,0,0,0,unsupported,,,gmail_email,497d358dfdba3012
test_challenge,432dc7a_1,432dc7a,0,0,0,0,unsupported,,,amazon_purchase_or_product_search,8afbc62889309b45
test_challenge,432dc7a_2,432dc7a,0,0,0,0,unsupported,,,amazon_purchase_or_product_search,63d0e422c138f592
test_challenge,432dc7a_3,432dc7a,0,0,0,0,unsupported,,,amazon_purchase_or_product_search,8afbc62889309b45
test_challenge,efc3cea_1,efc3cea,0,0,0,0,unsupported,,,amazon_purchase_or_product_search,272ab4bd9fb6c583
test_challenge,efc3cea_2,efc3cea,0,0,0,0,unsupported,,,amazon_purchase_or_product_search,3b46aa2c7f9c432c
test_challenge,efc3cea_3,efc3cea,0,0,0,0,unsupported,,,amazon_purchase_or_product_search,f3bb44ac15821d00
test_challenge,ec655df_1,ec655df,0,0,0,0,unsupported,,,amazon_purchase_or_product_search,7e0f8eb0816c2ae0
test_challenge,ec655df_2,ec655df,0,0,0,0,unsupported,,,amazon_purchase_or_product_search,9c76bae3a8b4eaa7
test_challenge,ec655df_3,ec655df,0,0,0,0,unsupported,,,amazon_purchase_or_product_search,43ffbe40c37432e7
test_challenge,fdc4b74_1,fdc4b74,0,0,0,0,unsupported,,,amazon_purchase_or_product_search,b81cb22fb674bb39
test_challenge,fdc4b74_2,fdc4b74,0,0,0,0,unsupported,,,amazon_purchase_or_product_search,b81cb22fb674bb39
test_challenge,fdc4b74_3,fdc4b74,0,0,0,0,unsupported,,,amazon_purchase_or_product_search,b81cb22fb674bb39
test_challenge,d6d8cb6_1,d6d8cb6,0,0,0,0,unsupported,,,amazon_purchase_or_product_search,093a9afdf017f7a1
test_challenge,d6d8cb6_2,d6d8cb6,0,0,0,0,unsupported,,,amazon_purchase_or_product_search,cccbe4fe3b2ea94f
test_challenge,d6d8cb6_3,d6d8cb6,0,0,0,0,unsupported,,,amazon_purchase_or_product_search,c92b4ed2ebf0097b
test_challenge,1a79e37_1,1a79e37,0,0,0,0,unsupported,,,amazon_purchase_or_product_search,d96b6a61ce2740e9
test_challenge,1a79e37_2,1a79e37,0,0,0,0,unsupported,,,amazon_purchase_or_product_search,5d8eab0b31caa6d3
test_challenge,1a79e37_3,1a79e37,0,0,0,0,unsupported,,,amazon_purchase_or_product_search,256a7a95ec006e34
test_challenge,f3a6713_1,f3a6713,0,0,0,0,unsupported,,,amazon_purchase_or_product_search,56e331cf5606e295
test_challenge,f3a6713_2,f3a6713,0,0,0,0,unsupported,,,amazon_purchase_or_product_search,ea939d5be12ecb38
test_challenge,f3a6713_3,f3a6713,0,0,0,0,unsupported,,,amazon_purchase_or_product_search,123d6922028f7a88
test_challenge,a5b0084_1,a5b0084,1,1,0,0,appworld_shared_subscription_password_reset_and_text,,,,be1aa0f2ff21f20e
test_challenge,a5b0084_2,a5b0084,1,1,0,0,appworld_shared_subscription_password_reset_and_text,,,,934c43b7e8b85574
test_challenge,a5b0084_3,a5b0084,1,1,0,0,appworld_shared_subscription_password_reset_and_text,,,,9d2e8edb1ae1a890
test_challenge,f86d850_1,f86d850,0,0,0,0,unsupported,,,amazon_purchase_or_product_search,399fcfe147ade50a
test_challenge,f86d850_2,f86d850,0,0,0,0,unsupported,,,amazon_purchase_or_product_search,c8d3c68ebd6a279e
test_challenge,f86d850_3,f86d850,0,0,0,0,unsupported,,,amazon_purchase_or_product_search,ca78c57b45e4d8d9
test_challenge,aaa25aa_1,aaa25aa,1,1,0,0,appworld_phone_message_app_account_verify_reset,,,,2872288a2a9f88a2
test_challenge,aaa25aa_2,aaa25aa,1,1,0,0,appworld_phone_message_app_account_verify_reset,,,,6d9c7f07db4f84e4
test_challenge,aaa25aa_3,aaa25aa,1,1,0,0,appworld_phone_message_app_account_verify_reset,,,,409724310d995a38
test_challenge,cb4ee7a_1,cb4ee7a,0,0,0,0,unsupported,,,amazon_purchase_or_product_search,4ca690987cf25ec6
test_challenge,cb4ee7a_2,cb4ee7a,0,0,0,0,unsupported,,,spotify_music,2d478bcedacc5f2c
test_challenge,cb4ee7a_3,cb4ee7a,0,0,0,0,unsupported,,,amazon_purchase_or_product_search,ac0e3b26e97462b7
test_challenge,e201314_1,e201314,0,0,0,0,unsupported,,,amazon_purchase_or_product_search,750f52a67d5e5e26
test_challenge,e201314_2,e201314,0,0,0,0,unsupported,,,amazon_purchase_or_product_search,4f84d9575b68a26c
test_challenge,e201314_3,e201314,0,0,0,0,unsupported,,,amazon_purchase_or_product_search,c14d90d556949d68
test_challenge,20c1328_1,20c1328,0,0,0,0,unsupported,,,amazon_purchase_or_product_search,37e39da5b547246d
test_challenge,20c1328_2,20c1328,0,0,0,0,unsupported,,,amazon_purchase_or_product_search,4a578e1e864852f2
test_challenge,20c1328_3,20c1328,0,0,0,0,unsupported,,,amazon_purchase_or_product_search,0b4aa31f0be8aaaa
test_challenge,dbc0276_1,dbc0276,1,1,0,0,appworld_amazon_text_wishlist_itemized_costs,,,,e3b050a8f04c3a26
test_challenge,dbc0276_2,dbc0276,1,1,0,0,appworld_amazon_text_wishlist_itemized_costs,,,,9c14909eb48fe580
test_challenge,dbc0276_3,dbc0276,1,1,0,0,appworld_amazon_text_wishlist_itemized_costs,,,,19c24f42dafacf40
test_challenge,e7f15ba_1,e7f15ba,0,0,0,0,unsupported,,,amazon_purchase_or_product_search,5fe282d4966a9c55
test_challenge,e7f15ba_2,e7f15ba,0,0,0,0,unsupported,,,amazon_purchase_or_product_search,4ece17d18aa19f09
test_challenge,e7f15ba_3,e7f15ba,0,0,0,0,unsupported,,,amazon_purchase_or_product_search,6d83b896e3a0e20f
test_challenge,b6d1f70_1,b6d1f70,0,0,0,0,unsupported,,,amazon_purchase_or_product_search,c4b3c384275f795d
test_challenge,b6d1f70_2,b6d1f70,0,0,0,0,unsupported,,,amazon_purchase_or_product_search,bfcce0035b721671
test_challenge,b6d1f70_3,b6d1f70,0,0,0,0,unsupported,,,amazon_purchase_or_product_search,dbe7487c15e57f80
test_challenge,dc5c5c6_1,dc5c5c6,0,0,0,0,unsupported,,,amazon_purchase_or_product_search,28a957b86afd1009
test_challenge,dc5c5c6_2,dc5c5c6,0,0,0,0,unsupported,,,amazon_purchase_or_product_search,ab4b3327b5cdc76a
test_challenge,dc5c5c6_3,dc5c5c6,0,0,0,0,unsupported,,,amazon_purchase_or_product_search,18984a12d1429015
test_challenge,16be9ce_1,16be9ce,0,0,0,0,unsupported,,,amazon_purchase_or_product_search,24fa6a47f783d6c8
test_challenge,16be9ce_2,16be9ce,0,0,0,0,unsupported,,,amazon_purchase_or_product_search,939c788527c3e6f5
test_challenge,16be9ce_3,16be9ce,0,0,0,0,unsupported,,,amazon_purchase_or_product_search,c4b3952b96a98438
test_challenge,59bcfc8_1,59bcfc8,0,0,0,0,unsupported,,,amazon_purchase_or_product_search,432533158ddad6b2
test_challenge,59bcfc8_2,59bcfc8,0,0,0,0,unsupported,,,amazon_purchase_or_product_search,eb6fa104795b3669
test_challenge,59bcfc8_3,59bcfc8,0,0,0,0,unsupported,,,amazon_purchase_or_product_search,0f304f471f51af14
test_challenge,7e1be84_1,7e1be84,1,1,0,0,appworld_amazon_purchase_phone_recommendation,,,,f34e41673adfb859
test_challenge,7e1be84_2,7e1be84,1,1,0,0,appworld_amazon_purchase_phone_recommendation,,,,60c39f61e400c58e
test_challenge,7e1be84_3,7e1be84,1,1,0,0,appworld_amazon_purchase_phone_recommendation,,,,501dc6b6287bd4e0
test_challenge,30e8586_1,30e8586,0,0,0,0,unsupported,,,amazon_purchase_or_product_search,1159a7cabe038706
test_challenge,30e8586_2,30e8586,0,0,0,0,unsupported,,,amazon_purchase_or_product_search,d8d7b01685b3cfa4
test_challenge,30e8586_3,30e8586,0,0,0,0,unsupported,,,amazon_purchase_or_product_search,3f4bd225edd8a0c8
test_challenge,c9458ed_1,c9458ed,0,0,0,0,unsupported,,,amazon_purchase_or_product_search,64d6757a5d0cc4a4
test_challenge,c9458ed_2,c9458ed,0,0,0,0,unsupported,,,amazon_purchase_or_product_search,ff8ccaca1314e6d0
test_challenge,c9458ed_3,c9458ed,0,0,0,0,unsupported,,,amazon_purchase_or_product_search,aeafa734eb91adba
test_challenge,b08d5ef_1,b08d5ef,0,0,0,0,unsupported,,,amazon_purchase_or_product_search,e489c4b965cf0efc
test_challenge,b08d5ef_2,b08d5ef,0,0,0,0,unsupported,,,amazon_purchase_or_product_search,0eb17f3000bd102a
test_challenge,b08d5ef_3,b08d5ef,0,0,0,0,unsupported,,,amazon_purchase_or_product_search,4e71bdc8dd5dd3b1
test_challenge,92fe421_1,92fe421,0,0,0,0,unsupported,,,amazon_purchase_or_product_search,f2f4cb2663fd3e39
test_challenge,92fe421_2,92fe421,0,0,0,0,unsupported,,,venmo_payment_or_request,ed9ef744051ca1be
test_challenge,92fe421_3,92fe421,0,0,0,0,unsupported,,,amazon_purchase_or_product_search,4de88f519aead414
test_challenge,2e9b91e_1,2e9b91e,0,0,0,0,unsupported,,,amazon_purchase_or_product_search,26db45c8b4268ccf
test_challenge,2e9b91e_2,2e9b91e,0,0,0,0,unsupported,,,amazon_purchase_or_product_search,9341db4e993bfe03
test_challenge,2e9b91e_3,2e9b91e,0,0,0,0,unsupported,,,amazon_purchase_or_product_search,291b17a6e7143a69
test_challenge,fa327a6_1,fa327a6,0,0,0,0,unsupported,,,amazon_purchase_or_product_search,ace5f1bf7f25d256
test_challenge,fa327a6_2,fa327a6,0,0,0,0,unsupported,,,amazon_purchase_or_product_search,28abf942515e989e
test_challenge,fa327a6_3,fa327a6,0,0,0,0,unsupported,,,amazon_purchase_or_product_search,aceac58400a75217
test_challenge,d037dc8_1,d037dc8,0,0,0,0,unsupported,,,amazon_purchase_or_product_search,ad10d3b7a9eb5407
test_challenge,d037dc8_2,d037dc8,0,0,0,0,unsupported,,,amazon_purchase_or_product_search,9cc910a508820137
test_challenge,d037dc8_3,d037dc8,0,0,0,0,unsupported,,,amazon_purchase_or_product_search,6a5e6cfc5161d220
test_challenge,c8f5f44_1,c8f5f44,0,0,0,0,unsupported,,,amazon_purchase_or_product_search,60a008c3eb60b1c6
test_challenge,c8f5f44_2,c8f5f44,0,0,0,0,unsupported,,,amazon_purchase_or_product_search,2f49a49dc17df4c5
test_challenge,c8f5f44_3,c8f5f44,0,0,0,0,unsupported,,,amazon_purchase_or_product_search,b62deb9598c22c72
test_challenge,9ef034e_1,9ef034e,0,0,0,0,unsupported,,,amazon_purchase_or_product_search,2c0eda753d398adf
test_challenge,9ef034e_2,9ef034e,0,0,0,0,unsupported,,,amazon_purchase_or_product_search,2d8aece62ac9df86
test_challenge,9ef034e_3,9ef034e,0,0,0,0,unsupported,,,amazon_purchase_or_product_search,ffa6c678f946f2a5
test_challenge,5800354_1,5800354,0,0,0,0,unsupported,,,amazon_purchase_or_product_search,fdd7848c002f1026
test_challenge,5800354_2,5800354,0,0,0,0,unsupported,,,amazon_purchase_or_product_search,fdd7848c002f1026
test_challenge,5800354_3,5800354,0,0,0,0,unsupported,,,amazon_purchase_or_product_search,fdd7848c002f1026
test_challenge,66b7899_1,66b7899,0,0,0,0,unsupported,,,amazon_purchase_or_product_search,39ac2f23d86f0e15
test_challenge,66b7899_2,66b7899,0,0,0,0,unsupported,,,amazon_purchase_or_product_search,044a299dbbd242d2
test_challenge,66b7899_3,66b7899,0,0,0,0,unsupported,,,amazon_purchase_or_product_search,2c88a6542020cab0
test_challenge,099174d_1,099174d,0,0,0,0,unsupported,,,amazon_purchase_or_product_search,7fbbe8f5446a60fc
test_challenge,099174d_2,099174d,0,0,0,0,unsupported,,,amazon_purchase_or_product_search,7fbbe8f5446a60fc
test_challenge,099174d_3,099174d,0,0,0,0,unsupported,,,amazon_purchase_or_product_search,7fbbe8f5446a60fc
test_challenge,b4707e8_1,b4707e8,0,0,0,0,unsupported,,,amazon_purchase_or_product_search,cceea3d0b401322a
test_challenge,b4707e8_2,b4707e8,0,0,0,0,unsupported,,,amazon_purchase_or_product_search,cceea3d0b401322a
test_challenge,b4707e8_3,b4707e8,0,0,0,0,unsupported,,,amazon_purchase_or_product_search,cceea3d0b401322a
test_challenge,cdaaea5_1,cdaaea5,0,0,0,0,unsupported,,,amazon_purchase_or_product_search,cef4be8c129db0c5
test_challenge,cdaaea5_2,cdaaea5,0,0,0,0,unsupported,,,amazon_purchase_or_product_search,1a402f89f90c1472
test_challenge,cdaaea5_3,cdaaea5,0,0,0,0,unsupported,,,amazon_purchase_or_product_search,cef4be8c129db0c5
test_challenge,f099b4c_1,f099b4c,0,0,0,0,unsupported,,,amazon_purchase_or_product_search,22c794d82d34b918
test_challenge,f099b4c_2,f099b4c,0,0,0,0,unsupported,,,amazon_purchase_or_product_search,22c794d82d34b918
test_challenge,f099b4c_3,f099b4c,0,0,0,0,unsupported,,,amazon_purchase_or_product_search,22c794d82d34b918
test_challenge,dcb2559_1,dcb2559,0,0,0,0,unsupported,,,spotify_music,13b7ec37711b245c
test_challenge,dcb2559_2,dcb2559,0,0,0,0,unsupported,,,amazon_purchase_or_product_search,32b7b2bca1613973
test_challenge,dcb2559_3,dcb2559,0,0,0,0,unsupported,,,spotify_music,13b7ec37711b245c
test_challenge,365e0a3_1,365e0a3,0,0,0,0,unsupported,,,amazon_purchase_or_product_search,efec3c46abf228e4
test_challenge,365e0a3_2,365e0a3,0,0,0,0,unsupported,,,spotify_music,1236312c98d4c014
test_challenge,365e0a3_3,365e0a3,0,0,0,0,unsupported,,,amazon_purchase_or_product_search,efec3c46abf228e4
test_challenge,476b213_1,476b213,0,0,0,0,unsupported,,,amazon_purchase_or_product_search,27236a191027e1bf
test_challenge,476b213_2,476b213,0,0,0,0,unsupported,,,venmo_payment_or_request,14be37df78d0a5b4
test_challenge,476b213_3,476b213,0,0,0,0,unsupported,,,amazon_purchase_or_product_search,27236a191027e1bf
test_challenge,ba46d91_1,ba46d91,0,0,0,0,unsupported,,,spotify_music,f59842db13868e60
test_challenge,ba46d91_2,ba46d91,0,0,0,0,unsupported,,,amazon_purchase_or_product_search,41156d893626bcce
test_challenge,ba46d91_3,ba46d91,0,0,0,0,unsupported,,,spotify_music,ebc2a65cbf7899b2
test_challenge,3f3c139_1,3f3c139,1,1,0,0,appworld_remove_expired_payment_cards,,,,a4930a03153c2943
test_challenge,3f3c139_2,3f3c139,1,1,0,0,appworld_remove_expired_payment_cards,,,,a4930a03153c2943
test_challenge,3f3c139_3,3f3c139,1,1,0,0,appworld_remove_expired_payment_cards,,,,a4930a03153c2943
test_challenge,6d59d90_1,6d59d90,0,0,0,0,unsupported,,,amazon_purchase_or_product_search,c6ffc3bba5957257
test_challenge,6d59d90_2,6d59d90,0,0,0,0,unsupported,,,amazon_purchase_or_product_search,2d32895c9229690f
test_challenge,6d59d90_3,6d59d90,0,0,0,0,unsupported,,,amazon_purchase_or_product_search,1358917df1176781
test_challenge,d8e490b_1,d8e490b,0,0,0,0,unsupported,,,gmail_email,0a19b222da8bebed
test_challenge,d8e490b_2,d8e490b,0,0,0,0,unsupported,,,gmail_email,a49bf83715eba311
test_challenge,d8e490b_3,d8e490b,0,0,0,0,unsupported,,,gmail_email,9319cc3c1c5490fe
test_challenge,998908e_1,998908e,0,0,0,0,unsupported,,,splitwise_vacation_or_expense,0492b13e5fb467fb
test_challenge,998908e_2,998908e,0,0,0,0,unsupported,,,splitwise_vacation_or_expense,ee20fb006560a5e1
test_challenge,998908e_3,998908e,0,0,0,0,unsupported,,,splitwise_vacation_or_expense,b1da5be8d58a72d5
test_challenge,dcbd34b_1,dcbd34b,0,0,0,0,unsupported,,,splitwise_vacation_or_expense,8b97b098ec34e4f3
test_challenge,dcbd34b_2,dcbd34b,0,0,0,0,unsupported,,,splitwise_vacation_or_expense,2f739fb013a3adc2
test_challenge,dcbd34b_3,dcbd34b,0,0,0,0,unsupported,,,splitwise_vacation_or_expense,6e6792f1cd4a8fcf
test_challenge,7bdaf23_1,7bdaf23,1,1,0,0,appworld_gmail_download_flight_ticket_attachment,,,,a0c56a004a48891e
test_challenge,7bdaf23_2,7bdaf23,1,1,0,0,appworld_gmail_download_flight_ticket_attachment,,,,f183d1e94076c4e2
test_challenge,7bdaf23_3,7bdaf23,1,1,0,0,appworld_gmail_download_flight_ticket_attachment,,,,7278708d8cdc8f14
test_challenge,a97e35d_1,a97e35d,0,0,0,0,unsupported,,,gmail_email,a7d04617df3ed5a1
test_challenge,a97e35d_2,a97e35d,0,0,0,0,unsupported,,,gmail_email,c4ccf9f9265dc129
test_challenge,a97e35d_3,a97e35d,0,0,0,0,unsupported,,,gmail_email,e658c08c7a590153
test_challenge,33e202d_1,33e202d,0,0,0,0,unsupported,,,gmail_email,b703da4127e1c22c
test_challenge,33e202d_2,33e202d,0,0,0,0,unsupported,,,gmail_email,ca39a6e80fd52e91
test_challenge,33e202d_3,33e202d,0,0,0,0,unsupported,,,gmail_email,66b15ccdfe66ac6f
test_challenge,a53a8fd_1,a53a8fd,1,1,0,0,appworld_gmail_attach_job_search_files_and_send,,,,1cf4ce7da176ad5d
test_challenge,a53a8fd_2,a53a8fd,1,1,0,0,appworld_gmail_attach_job_search_files_and_send,,,,eaf08f23188c1c19
test_challenge,a53a8fd_3,a53a8fd,1,1,0,0,appworld_gmail_attach_job_search_files_and_send,,,,37a243acac432bfb
test_challenge,906f2c7_1,906f2c7,0,0,0,0,unsupported,,,splitwise_vacation_or_expense,a1de9e8d19f80140
test_challenge,906f2c7_2,906f2c7,0,0,0,0,unsupported,,,splitwise_vacation_or_expense,b73cfef8a5247d65
test_challenge,906f2c7_3,906f2c7,0,0,0,0,unsupported,,,splitwise_vacation_or_expense,cd042b714108927f
test_challenge,a3ba388_1,a3ba388,0,0,0,0,unsupported,,,gmail_email,99b071bea401d609
test_challenge,a3ba388_2,a3ba388,0,0,0,0,unsupported,,,gmail_email,21b94257dbb40b26
test_challenge,a3ba388_3,a3ba388,0,0,0,0,unsupported,,,gmail_email,08ed62042fa3e236
test_challenge,b68eb83_1,b68eb83,0,0,0,0,unsupported,,,splitwise_vacation_or_expense,e996b73d02491fb5
test_challenge,b68eb83_2,b68eb83,0,0,0,0,unsupported,,,splitwise_vacation_or_expense,894cc126a01100c8
test_challenge,b68eb83_3,b68eb83,0,0,0,0,unsupported,,,splitwise_vacation_or_expense,6b0581c32b7012d2
test_challenge,f6f2e67_1,f6f2e67,0,0,0,0,unsupported,,,gmail_email,3787121ceca4c83c
test_challenge,f6f2e67_2,f6f2e67,0,0,0,0,unsupported,,,gmail_email,e7eab72dd1f60aaf
test_challenge,f6f2e67_3,f6f2e67,0,0,0,0,unsupported,,,gmail_email,578d2858f117ecf7
test_challenge,36705ae_1,36705ae,0,0,0,0,unsupported,,,gmail_email,d1f7aea9cf39b814
test_challenge,36705ae_2,36705ae,0,0,0,0,unsupported,,,gmail_email,b265d13f75f35cc3
test_challenge,36705ae_3,36705ae,0,0,0,0,unsupported,,,gmail_email,a4a69698dfe4809c
test_challenge,bcb9696_1,bcb9696,0,0,0,0,unsupported,,,gmail_email,067b7f5123881bca
test_challenge,bcb9696_2,bcb9696,0,0,0,0,unsupported,,,gmail_email,57d03ab7d4f6ed4f
test_challenge,bcb9696_3,bcb9696,0,0,0,0,unsupported,,,gmail_email,067b7f5123881bca
test_challenge,98d2608_1,98d2608,0,0,0,0,unsupported,,,gmail_email,210d030aff4a7efc
test_challenge,98d2608_2,98d2608,0,0,0,0,unsupported,,,gmail_email,167b04aab6a02eb2
test_challenge,98d2608_3,98d2608,0,0,0,0,unsupported,,,gmail_email,7a47a4d3df97b383
test_challenge,baeb104_1,baeb104,0,0,0,0,unsupported,,,splitwise_vacation_or_expense,b0ec5431c3f4b87d
test_challenge,baeb104_2,baeb104,0,0,0,0,unsupported,,,splitwise_vacation_or_expense,4e922c5727844f94
test_challenge,baeb104_3,baeb104,0,0,0,0,unsupported,,,splitwise_vacation_or_expense,04027a4ead7d2378
test_challenge,e70b117_1,e70b117,0,0,0,0,unsupported,,,gmail_email,c11516f3316e3787
test_challenge,e70b117_2,e70b117,0,0,0,0,unsupported,,,gmail_email,642f8915733e46c5
test_challenge,e70b117_3,e70b117,0,0,0,0,unsupported,,,gmail_email,7f7975222dff6d4e
test_challenge,4ac4a8d_1,4ac4a8d,0,0,0,0,unsupported,,,splitwise_vacation_or_expense,31de6656bb0ddcda
test_challenge,4ac4a8d_2,4ac4a8d,0,0,0,0,unsupported,,,splitwise_vacation_or_expense,2d34b66ee75ef3aa
test_challenge,4ac4a8d_3,4ac4a8d,0,0,0,0,unsupported,,,splitwise_vacation_or_expense,58c039a5ac45d15f
test_challenge,8f79e35_1,8f79e35,0,0,0,0,unsupported,,,gmail_email,b8abf3ad04d7269c
test_challenge,8f79e35_2,8f79e35,0,0,0,0,unsupported,,,gmail_email,b8abf3ad04d7269c
test_challenge,8f79e35_3,8f79e35,0,0,0,0,unsupported,,,gmail_email,b8abf3ad04d7269c
test_challenge,ffea2b5_1,ffea2b5,0,0,0,0,unsupported,,,gmail_email,83003917660fd073
test_challenge,ffea2b5_2,ffea2b5,0,0,0,0,unsupported,,,gmail_email,7b4552e117075a48
test_challenge,ffea2b5_3,ffea2b5,0,0,0,0,unsupported,,,gmail_email,dfa29c76006141f8
test_challenge,3fcc458_1,3fcc458,0,0,0,0,unsupported,,,splitwise_vacation_or_expense,2002417e08b158ad
test_challenge,3fcc458_2,3fcc458,0,0,0,0,unsupported,,,splitwise_vacation_or_expense,a82969adf6d86c73
test_challenge,3fcc458_3,3fcc458,0,0,0,0,unsupported,,,splitwise_vacation_or_expense,c09c70e4d1fb5983
test_challenge,a1d3dfd_1,a1d3dfd,0,0,0,0,unsupported,,,spotify_music,dfd5d642e43da969
test_challenge,a1d3dfd_2,a1d3dfd,0,0,0,0,unsupported,,,spotify_music,2f772c7d6f7f7284
test_challenge,a1d3dfd_3,a1d3dfd,0,0,0,0,unsupported,,,spotify_music,dfd5d642e43da969
test_challenge,82d2e01_1,82d2e01,1,1,0,0,appworld_venmo_pay_flight_bill_from_email,,,,f4d3f4ab7c95523c
test_challenge,82d2e01_2,82d2e01,1,1,0,0,appworld_venmo_pay_flight_bill_from_email,,,,2588ed5bc85d8f42
test_challenge,82d2e01_3,82d2e01,1,1,0,0,appworld_venmo_pay_flight_bill_from_email,,,,493d157d76e79d7b
test_challenge,a7179fa_1,a7179fa,0,0,0,0,unsupported,,,gmail_email,6e1e0c15b856f017
test_challenge,a7179fa_2,a7179fa,0,0,0,0,unsupported,,,gmail_email,eed60aa139df35b1
test_challenge,a7179fa_3,a7179fa,0,0,0,0,unsupported,,,gmail_email,1da5e2f7884a7de2
test_challenge,80acbaf_1,80acbaf,0,0,0,0,unsupported,,,spotify_music,0c4a922481a11d34
test_challenge,80acbaf_2,80acbaf,0,0,0,0,unsupported,,,spotify_music,0c4a922481a11d34
test_challenge,80acbaf_3,80acbaf,0,0,0,0,unsupported,,,spotify_music,0c4a922481a11d34
test_challenge,e0fe09c_1,e0fe09c,1,1,0,0,appworld_gmail_label_notification_threads_by_app,,,,565fff951f52f6d2
test_challenge,e0fe09c_2,e0fe09c,1,1,0,0,appworld_gmail_label_notification_threads_by_app,,,,565fff951f52f6d2
test_challenge,e0fe09c_3,e0fe09c,1,1,0,0,appworld_gmail_label_notification_threads_by_app,,,,565fff951f52f6d2
test_challenge,7264edc_1,7264edc,0,0,0,0,unsupported,,,gmail_email,21b2411841accde3
test_challenge,7264edc_2,7264edc,0,0,0,0,unsupported,,,gmail_email,0988434e6979708f
test_challenge,7264edc_3,7264edc,0,0,0,0,unsupported,,,gmail_email,40dad28f8a26bc9e
test_challenge,f691597_1,f691597,0,0,0,0,unsupported,,,gmail_email,40f8120599a7ca76
test_challenge,f691597_2,f691597,0,0,0,0,unsupported,,,gmail_email,0093c667aed2314d
test_challenge,f691597_3,f691597,0,0,0,0,unsupported,,,gmail_email,3352f43860287480
test_challenge,a132254_1,a132254,1,1,0,0,appworld_gmail_forward_anniversary_announcement_email,,,,ff4700d2b7af9cca
test_challenge,a132254_2,a132254,1,1,0,0,appworld_gmail_forward_anniversary_announcement_email,,,,14fbcbf3a228f729
test_challenge,a132254_3,a132254,1,1,0,0,appworld_gmail_forward_anniversary_announcement_email,,,,e96b1850cff91ec1
test_challenge,09ac073_1,09ac073,1,1,0,0,appworld_gmail_thread_cleanup,,,,6986c0ea851f81c2
test_challenge,09ac073_2,09ac073,1,1,0,0,appworld_gmail_thread_cleanup,,,,a3a88ebd22fc97e7
test_challenge,09ac073_3,09ac073,1,1,0,0,appworld_gmail_thread_cleanup,,,,7a13d7932c1c4e63
test_challenge,6a5e690_1,6a5e690,1,1,0,0,appworld_gmail_send_future_scheduled_drafts_now,,,,1012a4f64039f0f9
test_challenge,6a5e690_2,6a5e690,1,1,0,0,appworld_gmail_send_future_scheduled_drafts_now,,,,1012a4f64039f0f9
test_challenge,6a5e690_3,6a5e690,1,1,0,0,appworld_gmail_send_future_scheduled_drafts_now,,,,1012a4f64039f0f9
test_challenge,e52623a_1,e52623a,1,1,0,0,appworld_gmail_relabel_priority_threads,,,,805148bed6ea5c3f
test_challenge,e52623a_2,e52623a,1,1,0,0,appworld_gmail_relabel_priority_threads,,,,3f79722c1c8185b9
test_challenge,e52623a_3,e52623a,1,1,0,0,appworld_gmail_relabel_priority_threads,,,,aecf738204f0b229
test_challenge,5e27cd7_1,5e27cd7,1,1,0,0,appworld_delete_gmail_empty_drafts,,,,4451cde1e2595b2a
test_challenge,5e27cd7_2,5e27cd7,1,1,0,0,appworld_delete_gmail_empty_drafts,,,,a9df42f085738728
test_challenge,5e27cd7_3,5e27cd7,1,1,0,0,appworld_delete_gmail_empty_drafts,,,,4451cde1e2595b2a
test_challenge,277d81d_1,277d81d,1,1,0,0,appworld_gmail_mark_threads_read_state_by_calendar_window,,,,ac4135e35d3d515d
test_challenge,277d81d_2,277d81d,1,1,0,0,appworld_gmail_mark_threads_read_state_by_calendar_window,,,,116b5ff0addde545
test_challenge,277d81d_3,277d81d,1,1,0,0,appworld_gmail_mark_threads_read_state_by_calendar_window,,,,6d5fac2b44cb50f6
test_challenge,ce73d68_1,ce73d68,0,0,0,0,unsupported,,,gmail_email,45db4ed1a155a4c3
test_challenge,ce73d68_2,ce73d68,0,0,0,0,unsupported,,,gmail_email,e1a43f22fe0cbdef
test_challenge,ce73d68_3,ce73d68,0,0,0,0,unsupported,,,gmail_email,310b1d0e5f0b02bf
test_challenge,d37c235_1,d37c235,0,0,0,0,unsupported,,,amazon_purchase_or_product_search,b1386b14e72244dd
test_challenge,d37c235_2,d37c235,0,0,0,0,unsupported,,,amazon_purchase_or_product_search,b1386b14e72244dd
test_challenge,d37c235_3,d37c235,0,0,0,0,unsupported,,,amazon_purchase_or_product_search,b1386b14e72244dd
test_challenge,4d12842_1,4d12842,1,1,0,0,appworld_gmail_delete_archived_threads_by_calendar_window,,,,818e19a3f41a4c45
test_challenge,4d12842_2,4d12842,1,1,0,0,appworld_gmail_delete_archived_threads_by_calendar_window,,,,73d85dc062817201
test_challenge,4d12842_3,4d12842,1,1,0,0,appworld_gmail_delete_archived_threads_by_calendar_window,,,,a9ad16f557b5627e
test_challenge,69ba40f_1,69ba40f,0,0,0,0,unsupported,,,gmail_email,3fd859a04e9c7203
test_challenge,69ba40f_2,69ba40f,0,0,0,0,unsupported,,,gmail_email,dbe66dd12dae9931
test_challenge,69ba40f_3,69ba40f,0,0,0,0,unsupported,,,gmail_email,927e3db33e3e8263
test_challenge,af84964_1,af84964,0,0,0,0,unsupported,,,splitwise_vacation_or_expense,bb578316f1dc0bcf
test_challenge,af84964_2,af84964,0,0,0,0,unsupported,,,gmail_email,8f475e85fa4f6c9d
test_challenge,af84964_3,af84964,0,0,0,0,unsupported,,,gmail_email,bc00f1665009b3c0
test_challenge,e775c78_1,e775c78,0,0,0,0,unsupported,,,gmail_email,150cee38ba1430a0
test_challenge,e775c78_2,e775c78,0,0,0,0,unsupported,,,gmail_email,040203bbc36cf64e
test_challenge,e775c78_3,e775c78,0,0,0,0,unsupported,,,gmail_email,b119937c1529f905
test_challenge,2ff4dfb_1,2ff4dfb,0,0,0,0,unsupported,,,gmail_email,fa4253ce61addb9d
test_challenge,2ff4dfb_2,2ff4dfb,0,0,0,0,unsupported,,,gmail_email,00c10a0da55af182
test_challenge,2ff4dfb_3,2ff4dfb,0,0,0,0,unsupported,,,gmail_email,30d50f3aedb46efe
test_challenge,fddb6b6_1,fddb6b6,1,1,0,0,appworld_gmail_forward_caterer_bill_to_manager_with_note,,,,3375a61e4bdf9a07
test_challenge,fddb6b6_2,fddb6b6,1,1,0,0,appworld_gmail_forward_caterer_bill_to_manager_with_note,,,,1caa6aedb7c5f8d8
test_challenge,fddb6b6_3,fddb6b6,1,1,0,0,appworld_gmail_forward_caterer_bill_to_manager_with_note,,,,4328f162836dcd7b
test_challenge,c1091c7_1,c1091c7,0,0,0,0,unsupported,,,gmail_email,765e8c36fe81e80e
test_challenge,c1091c7_2,c1091c7,0,0,0,0,unsupported,,,gmail_email,765e8c36fe81e80e
test_challenge,c1091c7_3,c1091c7,0,0,0,0,unsupported,,,gmail_email,765e8c36fe81e80e
test_challenge,321ec38_1,321ec38,0,0,0,0,unsupported,,,gmail_email,56a0542c45671fc8
test_challenge,321ec38_2,321ec38,0,0,0,0,unsupported,,,gmail_email,c5c58dbdbd8f7aee
test_challenge,321ec38_3,321ec38,0,0,0,0,unsupported,,,gmail_email,cefcc6b29615529e
test_challenge,0de03ad_1,0de03ad,1,1,0,0,appworld_gmail_star_threads_by_relationship,,,,b92d8a15770ab675
test_challenge,0de03ad_2,0de03ad,1,1,0,0,appworld_gmail_star_threads_by_relationship,,,,6a1819b637328038
test_challenge,0de03ad_3,0de03ad,1,1,0,0,appworld_gmail_star_threads_by_relationship,,,,a60b5e8cc3c9321e
test_challenge,ac62177_1,ac62177,0,0,0,0,unsupported,,,gmail_email,b5118dd8b463fab9
test_challenge,ac62177_2,ac62177,0,0,0,0,unsupported,,,gmail_email,6b2366b5e3e96797
test_challenge,ac62177_3,ac62177,0,0,0,0,unsupported,,,gmail_email,507e8d0f7b051999
test_challenge,4441ee9_1,4441ee9,1,1,0,0,appworld_gmail_reply_weekly_manager_tasks_by_star_state,,,,64073ba73a457736
test_challenge,4441ee9_2,4441ee9,1,1,0,0,appworld_gmail_reply_weekly_manager_tasks_by_star_state,,,,cb56480952fc42fe
test_challenge,4441ee9_3,4441ee9,1,1,0,0,appworld_gmail_reply_weekly_manager_tasks_by_star_state,,,,71e966c18d3d46f9
test_challenge,96bf160_1,96bf160,0,0,0,0,unsupported,,,gmail_email,03828b1a5a13c9fe
test_challenge,96bf160_2,96bf160,0,0,0,0,unsupported,,,gmail_email,3e5dbdeca13a350d
test_challenge,96bf160_3,96bf160,0,0,0,0,unsupported,,,gmail_email,70083f96bdf3d96e
test_challenge,adb1060_1,adb1060,0,0,0,0,unsupported,,,gmail_email,0e6fa9bbe151b6da
test_challenge,adb1060_2,adb1060,0,0,0,0,unsupported,,,gmail_email,bcc722bf43d8d931
test_challenge,adb1060_3,adb1060,0,0,0,0,unsupported,,,gmail_email,899a5b61a8deb4c2
test_challenge,9126bf0_1,9126bf0,0,0,0,0,unsupported,,,gmail_email,7dff64cb5514669e
test_challenge,9126bf0_2,9126bf0,0,0,0,0,unsupported,,,gmail_email,4443a1abf32ffe3f
test_challenge,9126bf0_3,9126bf0,0,0,0,0,unsupported,,,gmail_email,df7a2237f1834226
test_challenge,f37e804_1,f37e804,0,0,0,0,unsupported,,,gmail_email,c955ced862755c48
test_challenge,f37e804_2,f37e804,0,0,0,0,unsupported,,,gmail_email,d6344315cfbb5e0a
test_challenge,f37e804_3,f37e804,0,0,0,0,unsupported,,,gmail_email,2c0632662a7f19fe
test_challenge,18670a5_1,18670a5,0,0,0,0,unsupported,,,gmail_email,83fe459cdb1e2007
test_challenge,18670a5_2,18670a5,0,0,0,0,unsupported,,,gmail_email,12817ecb4a73f65f
test_challenge,18670a5_3,18670a5,0,0,0,0,unsupported,,,gmail_email,115a354449832e72
test_challenge,143527e_1,143527e,1,1,0,0,appworld_spotify_reply_liked_song_recommendations_email,,,,a90218c680b7087d
test_challenge,143527e_2,143527e,1,1,0,0,appworld_spotify_reply_liked_song_recommendations_email,,,,47d6c15c7099929f
test_challenge,143527e_3,143527e,1,1,0,0,appworld_spotify_reply_liked_song_recommendations_email,,,,7222ae42a3832b26
test_challenge,1b988ac_1,1b988ac,1,1,0,0,appworld_spotify_update_song_recommendation_draft_from_library,,,,df6087c351c17eae
test_challenge,1b988ac_2,1b988ac,1,1,0,0,appworld_spotify_update_song_recommendation_draft_from_library,,,,8d25af7c39e915de
test_challenge,1b988ac_3,1b988ac,1,1,0,0,appworld_spotify_update_song_recommendation_draft_from_library,,,,32218663fa3a6a63
test_challenge,9a16324_1,9a16324,0,0,0,0,unsupported,,,spotify_music,a540aedb9ad6edcf
test_challenge,9a16324_2,9a16324,0,0,0,0,unsupported,,,spotify_music,a540aedb9ad6edcf
test_challenge,9a16324_3,9a16324,0,0,0,0,unsupported,,,spotify_music,a540aedb9ad6edcf
test_challenge,b71318e_1,b71318e,1,1,0,0,appworld_venmo_pay_coworkers_and_email,,,,40f4de4758f3d7ae
test_challenge,b71318e_2,b71318e,1,1,0,0,appworld_venmo_pay_coworkers_and_email,,,,46c562b4b8b2ae0f
test_challenge,b71318e_3,b71318e,1,1,0,0,appworld_venmo_pay_coworkers_and_email,,,,319d178f26d01554
test_challenge,a676f2a_1,a676f2a,0,0,0,0,unsupported,,,amazon_purchase_or_product_search,10655e483dffd437
test_challenge,a676f2a_2,a676f2a,0,0,0,0,unsupported,,,amazon_purchase_or_product_search,da535527b4b5a148
test_challenge,a676f2a_3,a676f2a,0,0,0,0,unsupported,,,amazon_purchase_or_product_search,ecebc9630700ed2f
test_challenge,7238049_1,7238049,1,1,0,0,appworld_venmo_send_to_named_user_with_optional_signup,,,,5e903c96db9a245a
test_challenge,7238049_2,7238049,1,1,0,0,appworld_venmo_send_to_named_user_with_optional_signup,,,,5af6753d0d64be68
test_challenge,7238049_3,7238049,1,1,0,0,appworld_venmo_send_to_named_user_with_optional_signup,,,,70cf77e652986b5a
test_challenge,8a13317_1,8a13317,1,1,0,0,appworld_spotify_playlist_from_workout_email,,,,243e50d0efa5dabf
test_challenge,8a13317_2,8a13317,1,1,0,0,appworld_spotify_playlist_from_workout_email,,,,13cfd3acef6e1272
test_challenge,8a13317_3,8a13317,1,1,0,0,appworld_spotify_playlist_from_workout_email,,,,b49d5c7831ee5aa0
test_challenge,7574325_1,7574325,1,1,0,0,appworld_venmo_change_password,,,,7b62fe6798c7aa27
test_challenge,7574325_2,7574325,1,1,0,0,appworld_venmo_change_password,,,,30d47cd4c009f4f9
test_challenge,7574325_3,7574325,1,1,0,0,appworld_venmo_change_password,,,,5469f3ff35be2eb4
test_challenge,fb05fed_1,fb05fed,0,0,0,0,unsupported,,,amazon_purchase_or_product_search,c4d76ebeff738bf3
test_challenge,fb05fed_2,fb05fed,0,0,0,0,unsupported,,,amazon_purchase_or_product_search,c19735188ee6948b
test_challenge,fb05fed_3,fb05fed,0,0,0,0,unsupported,,,amazon_purchase_or_product_search,25b39689ca18276b
test_challenge,8d42650_1,8d42650,0,0,0,0,unsupported,,,splitwise_vacation_or_expense,f7df7976a77512af
test_challenge,8d42650_2,8d42650,0,0,0,0,unsupported,,,splitwise_vacation_or_expense,ce8586cd0e88193f
test_challenge,8d42650_3,8d42650,0,0,0,0,unsupported,,,splitwise_vacation_or_expense,54a8648570b9b6b8
test_challenge,988af8e_1,988af8e,0,0,0,0,unsupported,,,splitwise_vacation_or_expense,6b9a777bfe3dce42
test_challenge,988af8e_2,988af8e,0,0,0,0,unsupported,,,splitwise_vacation_or_expense,6b9a777bfe3dce42
test_challenge,988af8e_3,988af8e,0,0,0,0,unsupported,,,splitwise_vacation_or_expense,6b9a777bfe3dce42
