method,scenario,categories,success,similarity,milestone_similarity,minefield_similarity,unsafe_state_changes,turn_count,invalid_tool_calls,tool_calls,llm_calls,token_proxy,verifier_rejections,repair_calls,parse_errors,exception_type,traceback
ToolSandbox ReAct,cellular_off,SINGLE_TOOL_CALL;SINGLE_USER_TURN;NO_DISTRACTION_TOOLS,0,0.0,0.0,0.0,0,1,0,0,1,185,0,0,1,,
ToolSandbox ReAct,get_cellular,SINGLE_TOOL_CALL;SINGLE_USER_TURN;NO_DISTRACTION_TOOLS,0,0.5,0.5,0.0,0,20,1,10,10,4113,0,0,0,,
ToolSandbox ReAct,wifi_off,SINGLE_TOOL_CALL;SINGLE_USER_TURN;NO_DISTRACTION_TOOLS,0,0.5,0.5,0.0,0,3,0,1,2,411,0,0,1,,
ToolSandbox ReAct,get_wifi,SINGLE_TOOL_CALL;SINGLE_USER_TURN;NO_DISTRACTION_TOOLS,0,0.0,0.0,0.0,0,20,7,7,8,3718,0,0,0,AssertionError,"Traceback (most recent call last):
  File ""<PROJECT_ROOT>/experiments/run_toolsandbox_kill_criteria.py"", line 245, in run_one
    result = scenario.play_and_evaluate(
             ^^^^^^^^^^^^^^^^^^^^^^^^^^^
  File ""<PROJECT_ROOT>/third_party/ToolSandbox-main/tool_sandbox/common/scenario.py"", line 194, in play_and_evaluate
    conversation = serialize_to_conversation(
                   ^^^^^^^^^^^^^^^^^^^^^^^^^^
  File ""<PROJECT_ROOT>/third_party/ToolSandbox-main/tool_sandbox/common/message_conversion.py"", line 348, in serialize_to_conversation
    openai_messages, openai_messages_to_subset_indices_mapping = to_openai_messages(
                                                                 ^^^^^^^^^^^^^^^^^^^
  File ""<PROJECT_ROOT>/third_party/ToolSandbox-main/tool_sandbox/common/message_conversion.py"", line 203, in to_openai_messages
    python_code_to_openai_tool_call(
  File ""<PROJECT_ROOT>/third_party/ToolSandbox-main/tool_sandbox/common/message_conversion.py"", line 121, in python_code_to_openai_tool_call
    assert match is not None
           ^^^^^^^^^^^^^^^^^
AssertionError
"
ToolSandbox ReAct,search_phone_number_with_name,SINGLE_TOOL_CALL;SINGLE_USER_TURN;NO_DISTRACTION_TOOLS,0,0.5,0.5,0.0,0,9,0,4,5,2805,0,0,0,,
ToolSandbox ReAct,search_name_with_relationship,SINGLE_TOOL_CALL;SINGLE_USER_TURN;NO_DISTRACTION_TOOLS,0,0.0,0.0,0.0,0,20,0,10,10,5042,0,0,0,,
ToolSandbox ReAct,search_relationship_with_phone_number,SINGLE_TOOL_CALL;SINGLE_USER_TURN;NO_DISTRACTION_TOOLS,0,0.0,0.0,0.0,0,20,0,10,10,5944,0,0,0,,
ToolSandbox ReAct,add_contact_with_name_and_phone_number,SINGLE_TOOL_CALL;SINGLE_USER_TURN;NO_DISTRACTION_TOOLS,0,0.9085,0.9085,0.0,0,17,0,8,9,5781,0,0,0,,
ToolSandbox ReAct,remove_contact_with_id,SINGLE_TOOL_CALL;SINGLE_USER_TURN;NO_DISTRACTION_TOOLS,0,0.5,0.5,0.0,0,15,6,7,8,8206,0,0,0,,
ToolSandbox ReAct,update_contact_with_id_and_phone_number,SINGLE_TOOL_CALL;SINGLE_USER_TURN;NO_DISTRACTION_TOOLS,0,0.5,0.5,0.0,0,20,0,10,10,7755,0,0,0,,
ToolSandbox ReAct,search_sender_phone_number_with_content,SINGLE_TOOL_CALL;SINGLE_USER_TURN;NO_DISTRACTION_TOOLS,0,0.0,0.0,0.0,0,9,4,4,5,3559,0,0,0,,
ToolSandbox ReAct,send_message_with_phone_number_and_content,SINGLE_TOOL_CALL;SINGLE_USER_TURN;NO_DISTRACTION_TOOLS,0,0.5,0.5,0.0,0,20,0,10,10,6809,0,0,0,,
ToolSandbox ReAct,search_message_with_recency_latest,MULTIPLE_TOOL_CALL;SINGLE_USER_TURN;NO_DISTRACTION_TOOLS,0,0.0,0.0,0.0,0,5,2,2,3,1874,0,0,0,,
ToolSandbox ReAct,search_message_with_recency_latest_alt,MULTIPLE_TOOL_CALL;SINGLE_USER_TURN;NO_DISTRACTION_TOOLS,0,0.5,0.5,0.0,0,20,1,10,10,7961,0,0,0,,
ToolSandbox ReAct,search_message_with_recency_oldest,MULTIPLE_TOOL_CALL;SINGLE_USER_TURN;NO_DISTRACTION_TOOLS,0,0.6667,0.6667,0.0,0,20,1,10,10,7441,0,0,0,,
ToolSandbox ReAct,search_message_with_recency_oldest_alt,MULTIPLE_TOOL_CALL;SINGLE_USER_TURN;NO_DISTRACTION_TOOLS,0,0.3333,0.3333,0.0,0,20,0,10,10,13712,0,0,0,,
ToolSandbox ReAct,remove_contact_by_phone,CANONICALIZATION;MULTIPLE_TOOL_CALL;SINGLE_USER_TURN;NO_DISTRACTION_TOOLS,0,0.8453,0.8453,0.0,0,19,4,9,10,10402,0,0,0,,
ToolSandbox ReAct,remove_contact_by_phone_alt,CANONICALIZATION;MULTIPLE_TOOL_CALL;SINGLE_USER_TURN;NO_DISTRACTION_TOOLS,0,0.8103,0.8103,0.0,0,15,4,7,8,7928,0,0,0,,
ToolSandbox ReAct,remove_contact_by_phone_ambiguous,CANONICALIZATION;MULTIPLE_TOOL_CALL;SINGLE_USER_TURN;NO_DISTRACTION_TOOLS,0,0.8103,0.8103,0.0,0,15,4,7,8,7807,0,0,0,,
ToolSandbox ReAct,remove_contact_by_phone_ambiguous_alt,CANONICALIZATION;MULTIPLE_TOOL_CALL;SINGLE_USER_TURN;NO_DISTRACTION_TOOLS,0,0.8103,0.8103,0.0,0,17,6,8,9,10492,0,0,0,,
ToolSandbox ReAct,turn_on_wifi_low_battery_mode,STATE_DEPENDENCY;MULTIPLE_TOOL_CALL;SINGLE_USER_TURN;NO_DISTRACTION_TOOLS,0,0.0,0.0,0.0,0,1,0,0,1,225,0,0,1,,
ToolSandbox ReAct,turn_on_wifi_low_battery_mode_implicit,STATE_DEPENDENCY;MULTIPLE_TOOL_CALL;SINGLE_USER_TURN;NO_DISTRACTION_TOOLS,0,0.0,0.0,0.0,0,3,1,1,2,553,0,0,1,,
ToolSandbox ReAct,turn_on_cellular_low_battery_mode,STATE_DEPENDENCY;MULTIPLE_TOOL_CALL;SINGLE_USER_TURN;NO_DISTRACTION_TOOLS,0,0.0,0.0,0.0,0,20,1,10,10,4734,0,0,0,,
ToolSandbox ReAct,turn_on_cellular_low_battery_mode_implicit,STATE_DEPENDENCY;MULTIPLE_TOOL_CALL;SINGLE_USER_TURN;NO_DISTRACTION_TOOLS,0,0.0,0.0,0.0,0,3,1,1,2,585,0,0,1,,
ToolSandbox ReAct,turn_on_location_low_battery_mode,STATE_DEPENDENCY;MULTIPLE_TOOL_CALL;SINGLE_USER_TURN;NO_DISTRACTION_TOOLS,0,0.0,0.0,0.0,0,3,1,1,2,561,0,0,1,,
ToolSandbox ReAct,turn_on_location_low_battery_mode_implicit,STATE_DEPENDENCY;MULTIPLE_TOOL_CALL;SINGLE_USER_TURN;NO_DISTRACTION_TOOLS,0,0.1722,0.1722,0.0,0,15,7,7,8,4673,0,0,0,,
ToolSandbox ReAct,send_message_with_contact_content_cellular_off,STATE_DEPENDENCY;MULTIPLE_TOOL_CALL;SINGLE_USER_TURN;NO_DISTRACTION_TOOLS,0,0.25,0.25,0.0,0,19,6,9,10,9332,0,0,1,,
ToolSandbox ReAct,send_message_with_contact_content_cellular_off_alt,STATE_DEPENDENCY;MULTIPLE_TOOL_CALL;SINGLE_USER_TURN;NO_DISTRACTION_TOOLS,0,0.25,0.25,0.0,0,20,0,10,10,9340,0,0,0,,
ToolSandbox ReAct,update_contact_relationship_with_relationship,MULTIPLE_TOOL_CALL;SINGLE_USER_TURN;NO_DISTRACTION_TOOLS,0,0.0,0.0,0.0,0,20,0,10,10,6304,0,0,0,,
ToolSandbox ReAct,update_contact_relationship_with_relationship_alt,MULTIPLE_TOOL_CALL;SINGLE_USER_TURN;NO_DISTRACTION_TOOLS,0,0.0,0.0,0.0,0,3,0,1,2,891,0,0,1,,
ToolSandbox RAVE,cellular_off,SINGLE_TOOL_CALL;SINGLE_USER_TURN;NO_DISTRACTION_TOOLS,1,1.0,1.0,0.0,0,3,0,1,1,192,0,0,1,,
ToolSandbox RAVE,get_cellular,SINGLE_TOOL_CALL;SINGLE_USER_TURN;NO_DISTRACTION_TOOLS,1,1.0,1.0,0.0,0,3,0,1,1,190,0,0,0,,
ToolSandbox RAVE,wifi_off,SINGLE_TOOL_CALL;SINGLE_USER_TURN;NO_DISTRACTION_TOOLS,1,1.0,1.0,0.0,0,3,0,1,1,187,0,0,1,,
ToolSandbox RAVE,get_wifi,SINGLE_TOOL_CALL;SINGLE_USER_TURN;NO_DISTRACTION_TOOLS,1,1.0,1.0,0.0,0,3,0,1,2,382,1,0,0,,
ToolSandbox RAVE,search_phone_number_with_name,SINGLE_TOOL_CALL;SINGLE_USER_TURN;NO_DISTRACTION_TOOLS,1,1.0,1.0,0.0,0,3,0,1,1,311,0,0,0,,
ToolSandbox RAVE,search_name_with_relationship,SINGLE_TOOL_CALL;SINGLE_USER_TURN;NO_DISTRACTION_TOOLS,1,1.0,1.0,0.0,0,3,0,1,1,309,0,0,0,,
ToolSandbox RAVE,search_relationship_with_phone_number,SINGLE_TOOL_CALL;SINGLE_USER_TURN;NO_DISTRACTION_TOOLS,0,0.0,0.0,0.0,0,20,0,10,10,5702,0,0,0,,
ToolSandbox RAVE,add_contact_with_name_and_phone_number,SINGLE_TOOL_CALL;SINGLE_USER_TURN;NO_DISTRACTION_TOOLS,1,1.0,1.0,0.0,0,3,0,1,1,265,0,0,0,,
ToolSandbox RAVE,remove_contact_with_id,SINGLE_TOOL_CALL;SINGLE_USER_TURN;NO_DISTRACTION_TOOLS,1,1.0,1.0,0.0,0,3,0,1,1,265,0,0,0,,
ToolSandbox RAVE,update_contact_with_id_and_phone_number,SINGLE_TOOL_CALL;SINGLE_USER_TURN;NO_DISTRACTION_TOOLS,1,1.0,1.0,0.0,0,3,0,1,1,373,0,0,0,,
ToolSandbox RAVE,search_sender_phone_number_with_content,SINGLE_TOOL_CALL;SINGLE_USER_TURN;NO_DISTRACTION_TOOLS,0,0.0,0.0,0.0,0,9,4,4,5,3715,0,0,0,,
ToolSandbox RAVE,send_message_with_phone_number_and_content,SINGLE_TOOL_CALL;SINGLE_USER_TURN;NO_DISTRACTION_TOOLS,0,0.0,0.0,0.0,0,1,0,0,3,860,3,0,0,,
ToolSandbox RAVE,search_message_with_recency_latest,MULTIPLE_TOOL_CALL;SINGLE_USER_TURN;NO_DISTRACTION_TOOLS,0,0.5,0.5,0.0,0,3,0,1,2,864,0,0,1,,
ToolSandbox RAVE,search_message_with_recency_latest_alt,MULTIPLE_TOOL_CALL;SINGLE_USER_TURN;NO_DISTRACTION_TOOLS,0,0.5,0.5,0.0,0,20,0,10,10,13656,0,0,0,,
ToolSandbox RAVE,search_message_with_recency_oldest,MULTIPLE_TOOL_CALL;SINGLE_USER_TURN;NO_DISTRACTION_TOOLS,0,0.0,0.0,0.0,0,1,0,0,1,436,0,0,1,,
ToolSandbox RAVE,search_message_with_recency_oldest_alt,MULTIPLE_TOOL_CALL;SINGLE_USER_TURN;NO_DISTRACTION_TOOLS,0,0.3333,0.3333,0.0,0,20,0,10,10,13782,0,0,0,,
ToolSandbox RAVE,remove_contact_by_phone,CANONICALIZATION;MULTIPLE_TOOL_CALL;SINGLE_USER_TURN;NO_DISTRACTION_TOOLS,0,0.9478,0.9478,0.0,0,5,0,2,2,871,0,0,0,,
ToolSandbox RAVE,remove_contact_by_phone_alt,CANONICALIZATION;MULTIPLE_TOOL_CALL;SINGLE_USER_TURN;NO_DISTRACTION_TOOLS,0,0.9478,0.9478,0.0,0,7,0,3,3,1550,0,0,0,,
ToolSandbox RAVE,remove_contact_by_phone_ambiguous,CANONICALIZATION;MULTIPLE_TOOL_CALL;SINGLE_USER_TURN;NO_DISTRACTION_TOOLS,0,0.1547,0.1547,0.0,0,15,7,7,8,8970,0,0,0,,
ToolSandbox RAVE,remove_contact_by_phone_ambiguous_alt,CANONICALIZATION;MULTIPLE_TOOL_CALL;SINGLE_USER_TURN;NO_DISTRACTION_TOOLS,0,0.9478,0.9478,0.0,0,5,0,2,2,865,0,0,0,,
ToolSandbox RAVE,turn_on_wifi_low_battery_mode,STATE_DEPENDENCY;MULTIPLE_TOOL_CALL;SINGLE_USER_TURN;NO_DISTRACTION_TOOLS,0,0.0,0.0,0.0,0,20,0,10,10,4492,0,0,1,,
ToolSandbox RAVE,turn_on_wifi_low_battery_mode_implicit,STATE_DEPENDENCY;MULTIPLE_TOOL_CALL;SINGLE_USER_TURN;NO_DISTRACTION_TOOLS,0,0.0,0.0,0.0,0,20,0,10,10,4210,0,0,0,,
ToolSandbox RAVE,turn_on_cellular_low_battery_mode,STATE_DEPENDENCY;MULTIPLE_TOOL_CALL;SINGLE_USER_TURN;NO_DISTRACTION_TOOLS,0,0.0,0.0,0.0,0,20,0,10,10,4674,0,0,1,,
ToolSandbox RAVE,turn_on_cellular_low_battery_mode_implicit,STATE_DEPENDENCY;MULTIPLE_TOOL_CALL;SINGLE_USER_TURN;NO_DISTRACTION_TOOLS,0,0.2456,0.2456,0.0,0,3,0,1,1,252,0,0,0,,
ToolSandbox RAVE,turn_on_location_low_battery_mode,STATE_DEPENDENCY;MULTIPLE_TOOL_CALL;SINGLE_USER_TURN;NO_DISTRACTION_TOOLS,0,0.0,0.0,0.0,0,1,0,0,1,238,0,0,1,,
ToolSandbox RAVE,turn_on_location_low_battery_mode_implicit,STATE_DEPENDENCY;MULTIPLE_TOOL_CALL;SINGLE_USER_TURN;NO_DISTRACTION_TOOLS,0,0.2456,0.2456,0.0,0,3,0,1,1,254,0,0,0,,
ToolSandbox RAVE,send_message_with_contact_content_cellular_off,STATE_DEPENDENCY;MULTIPLE_TOOL_CALL;SINGLE_USER_TURN;NO_DISTRACTION_TOOLS,0,0.9917,0.9917,0.0,0,15,2,7,7,5516,2,2,0,,
ToolSandbox RAVE,send_message_with_contact_content_cellular_off_alt,STATE_DEPENDENCY;MULTIPLE_TOOL_CALL;SINGLE_USER_TURN;NO_DISTRACTION_TOOLS,0,0.25,0.25,0.0,0,19,0,9,10,9410,0,0,1,,
ToolSandbox RAVE,update_contact_relationship_with_relationship,MULTIPLE_TOOL_CALL;SINGLE_USER_TURN;NO_DISTRACTION_TOOLS,0,0.0,0.0,0.0,0,20,0,10,10,6374,0,0,0,,
ToolSandbox RAVE,update_contact_relationship_with_relationship_alt,MULTIPLE_TOOL_CALL;SINGLE_USER_TURN;NO_DISTRACTION_TOOLS,0,0.5,0.5,0.0,0,5,0,2,3,1944,0,0,1,,
